属性标签描述,属性标签,权重参数
自增编号,EMP.ID,1
员工姓名,EMP.EMPLOYEE_NAME,1
证件类型,EMP.CARD_TYPE,1
证件号码,EMP.CARD_ID,1
生日,EMP.BIRTHDAY,1
性别,EMP.GENDER,1
手机,EMP.MOBILE,1
电话,EMP.PHONE,1
户籍所在地址,EMP.REGISTERED_ADDRESS,1
居住地邮编,EMP.RESIDENCE_ZIP,1
居住地址,EMP.RESIDENCE_ADDRESS,1
工作城市,EMP.WORK_ADDRESS,1
国籍,EMP.COUNTRY_ID,1
民族,EMP.NATIONALITY,1
电子邮件,EMP.EMAIL,1
婚姻状况,EMP.MARRIAGE_STATUS,1
学历,EMP.EDUCATION_LEVEL,1
户口类型,EMP.RESIDENT_TYPE,1
创建人,EMP.CREATE_BY,1
创建时间,EMP.CREATE_DT,1
更新人,EMP.UPDATE_BY,1
更新时间,EMP.UPDATE_DT,1
模拟人,EMP.MIMIC_BY,1
代理人,EMP.PROXY_BY,1
家财险地址,EMP.FAMILY_INSURANCE_ADDRESS,1
开始日期,EMP.ADDRESS_BEGIN_DATE,1
自增编号,EMPREC.ID,1
员工系统唯一号,EMPREC.EMPLOYEE_SYSTEM_ID,1
雇主方员工编号,EMPREC.EMPLOYEE_CLIENT_ID,1
雇主机构编号,EMPREC.CLIENT_ID,1
雇佣类型,EMPREC.HIRE_TYPE,1
入职日期,EMPREC.HIRE_DATE,1
入职备注,EMPREC.HIRE_REMARK,1
离职原因类型编号,EMPREC.DIMISSION_TYPE,1
离职日期,EMPREC.DIMISSION_DATE,1
离职备注,EMPREC.DIMISSION_REMARK,1
雇佣状态,EMPREC.HIRE_STATUS,1
手机,EMPREC.MOBILE,1
电话,EMPREC.PHONE,1
居住地邮编,EMPREC.RESIDENCE_ZIP,1
居住地址,EMPREC.RESIDENCE_ADDRESS,1
电子邮件,EMPREC.EMAIL,1
婚姻状况,EMPREC.MARRIAGE_STATUS,1
学历,EMPREC.EDUCATION_LEVEL,1
户口类型,EMPREC.RESIDENT_TYPE,1
创建人,EMPREC.CREATE_BY,1
创建时间,EMPREC.CREATE_DT,1
更新人,EMPREC.UPDATE_BY,1
更新时间,EMPREC.UPDATE_DT,1
模拟人,EMPREC.MIMIC_BY,1
代理人,EMPREC.PROXY_BY,1
工作城市,EMPREC.WORK_ADDRESS,1
创建人所有组织结构id,EMPREC.CREATE_ORG_ID,1
是否同步已经同步到用户中心,EMPREC.IS_SYNC_TO_USER_CENTRE,1
户籍所在地址,EMPREC.REGISTERED_ADDRESS,1
缴金地,EMPREC.PAYFEELS_ADDRESS,1
岗位信息,EMPREC.POSITION_INFO,1
月平均工资,EMPREC.DECLARATION_BASE,1
报价单ID,QUO.QUOT_ID,1
组织机构ID,QUO.ORG_ID,1
报价单编号,QUO.QUOT_CODE,1
报价单主题,QUO.SUMMARY,1
乙方ID,QUO.VENDOR_ID,1
甲方ID,QUO.CUST_ID,1
报价单类型,QUO.QUOT_TYPE,1
单据状态,QUO.STATUS,1
报价日期,QUO.QUOT_DATE,1
审批流程主体ID,QUO.CURRENT_PROCESS_ID,1
报价审批状态,QUO.STATUS_APPROVE,1
报价审批意见,QUO.OPINION_APPROVE,1
BPO 报价相关,QUO.FILE_ID,1
BPO 报价相关,QUO.FILE_NAME,1
BPO 报价相关,QUO.HTML_FILE_ID,1
是否公共报价单,QUO.IS_PUB,1
频率收费方式,QUO.FREQUENCY_TYPE,1
频率收费方式,QUO.CHARGE_CALCULATE_TYPE,1
对应的 对方的报价单 ID ,QUO.OPPOSITE_QUOT_ID,1
对方联系人ID,QUO.OPPOSIT_CONTACTS_ID,1
是否营销报价单,QUO.IS_MARKETING,1
营销报价单URL,QUO.MARKETING_QUO_URL,1
逻辑删除标识,QUO.IS_DELETED,1
备注,QUO.REMARK,1
创建人,QUO.CREATE_BY,1
创建时间,QUO.CREATE_DT,1
更新人,QUO.UPDATE_BY,1
更新时间,QUO.UPDATE_DT,1
模拟人,QUO.MIMIC_BY,1
代理人,QUO.PROXY_BY,1
统计类型,QUO.COUNT_TYPE,1
服务费产品,QUO.PROD_SERVICE,1
增值税产品,QUO.PROD_VAT,1
报检单审批标识,QUO.APPROVE_FLAG,1
组织机构ID,ORG.ORG_ID,1
组织机构编号,ORG.ORG_CODE,1
组织机构中文名称,ORG.ORG_CHINESE_NAME,1
组织机构英文名,ORG.ORG_ENGLISH_NAME,1
组织机构简称,ORG.PRVD_GROUP_S_NAME,1
服务城市,ORG.CITY,1
国家或地区,ORG.COUNTRY_ID,1
机构类型,ORG.ORG_TYPE,1
行业类别,ORG.INDUSTRY_TYPE,1
经营开始日期,ORG.BUSINESS_STARTDATE,1
经营结束日期,ORG.BUSINESS_ENDDATE,1
成立日期,ORG.INCEPTION_DATE,1
注册资金,ORG.REGISTER_CAPITAL,1
法人代表,ORG.CORPORATION_REPRESENTATIVE,1
注册地址,ORG.REGISTER_ADDRESS,1
营业范围,ORG.BUSINESS_RANGE,1
公司网址,ORG.ORG_URL,1
创建人所属机构ID,ORG.CREATE_ORG_ID,1
关键词,ORG.KEY_WORDS,1
是否昊基股东方,ORG.IS_SHAREHOLDER,1
备注,ORG.REMARK,1
逻辑删除标识,ORG.IS_DELETED,1
创建人,ORG.CREATE_BY,1
创建时间,ORG.CREATE_DT,1
更新人,ORG.UPDATE_BY,1
更新时间,ORG.UPDATE_DT,1
模拟人,ORG.MIMIC_BY,1
代理人,ORG.PROXY_BY,1
上级集团ID,ORG.UP_ORG_ID,1
等级ID,ORG.RATE_ID,1
机构属性,ORG.ORG_PROPERTY,1
机构等级,ORG.ORG_LEVEL,1
上传logo文件ID,ORG.FILE_ID,1
组织机构ID,ORG.ORG_ID,1
组织机构编号,ORG.ORG_CODE,1
组织机构中文名称,ORG.ORG_CHINESE_NAME,1
组织机构英文名,ORG.ORG_ENGLISH_NAME,1
组织机构简称,ORG.PRVD_GROUP_S_NAME,1
服务城市,ORG.CITY,1
国家或地区,ORG.COUNTRY_ID,1
机构类型,ORG.ORG_TYPE,1
行业类别,ORG.INDUSTRY_TYPE,1
经营开始日期,ORG.BUSINESS_STARTDATE,1
经营结束日期,ORG.BUSINESS_ENDDATE,1
成立日期,ORG.INCEPTION_DATE,1
注册资金,ORG.REGISTER_CAPITAL,1
法人代表,ORG.CORPORATION_REPRESENTATIVE,1
注册地址,ORG.REGISTER_ADDRESS,1
营业范围,ORG.BUSINESS_RANGE,1
公司网址,ORG.ORG_URL,1
创建人所属机构ID,ORG.CREATE_ORG_ID,1
关键词,ORG.KEY_WORDS,1
是否昊基股东方,ORG.IS_SHAREHOLDER,1
备注,ORG.REMARK,1
逻辑删除标识,ORG.IS_DELETED,1
创建人,ORG.CREATE_BY,1
创建时间,ORG.CREATE_DT,1
更新人,ORG.UPDATE_BY,1
更新时间,ORG.UPDATE_DT,1
模拟人,ORG.MIMIC_BY,1
代理人,ORG.PROXY_BY,1
等级ID,ORG.RATE_ID,1
机构等级,ORG.ORG_LEVEL,1
上传logo文件ID,ORG.FILE_ID,1
渠道编号,ORG.CHANNEL_NO,1
组织机构ID,ORG.ORG_ID,1
组织机构编号,ORG.ORG_CODE,1
组织机构中文名称,ORG.ORG_CHINESE_NAME,1
组织机构英文名,ORG.ORG_ENGLISH_NAME,1
组织机构简称,ORG.PRVD_GROUP_S_NAME,1
服务城市,ORG.CITY,1
国家或地区,ORG.COUNTRY_ID,1
机构类型,ORG.ORG_TYPE,1
行业类别,ORG.INDUSTRY_TYPE,1
经营开始日期,ORG.BUSINESS_STARTDATE,1
经营结束日期,ORG.BUSINESS_ENDDATE,1
成立日期,ORG.INCEPTION_DATE,1
注册资金,ORG.REGISTER_CAPITAL,1
法人代表,ORG.CORPORATION_REPRESENTATIVE,1
注册地址,ORG.REGISTER_ADDRESS,1
营业范围,ORG.BUSINESS_RANGE,1
公司网址,ORG.ORG_URL,1
创建人所属机构ID,ORG.CREATE_ORG_ID,1
关键词,ORG.KEY_WORDS,1
是否昊基股东方,ORG.IS_SHAREHOLDER,1
备注,ORG.REMARK,1
逻辑删除标识,ORG.IS_DELETED,1
创建人,ORG.CREATE_BY,1
创建时间,ORG.CREATE_DT,1
更新人,ORG.UPDATE_BY,1
更新时间,ORG.UPDATE_DT,1
模拟人,ORG.MIMIC_BY,1
代理人,ORG.PROXY_BY,1
上级集团ID,ORG.UP_ORG_ID,1
等级ID,ORG.RATE_ID,1
机构属性,ORG.ORG_PROPERTY,1
机构等级,ORG.ORG_LEVEL,1
上传logo文件ID,ORG.FILE_ID,1
账单补差补导入缴截止服务年月,ORG.BILL_IMP_DEAD_YM,1
自增编号,ORD.ID,1
母订单编号,ORD.PARENT_ORDER_ID,1
订单层级编号,ORD.ORDER_TIER_ID,1
委托类型,ORD.DELEGATION_TYPE,1
大合同编号,ORD.CONTRACT_ID,1
小合同编号,ORD.SECOND_CONTRACT_ID,1
雇主机构编号,ORD.CLIENT_ID,1
员工系统唯一号,ORD.EMPLOYEE_ID,1
订单状态,ORD.ORDER_STATUS,1
逻辑删除标识,ORD.IS_DELETED,1
创建人,ORD.CREATE_BY,1
创建时间,ORD.CREATE_DT,1
更新人,ORD.UPDATE_BY,1
更新时间,ORD.UPDATE_DT,1
模拟人,ORD.MIMIC_BY,1
代理人,ORD.PROXY_BY,1
订单变更备注,ORD.ORDER_CHANGE_REMARK,1
订单撤销备注,ORD.ORDER_CANCEL_REMARK,1
委托方机构编号,ORD.SEND_ORG_ID,1
受托方机构编号,ORD.RECEIVE_ORG_ID,1
合同类型,ORD.CONTRACT_TYPE,1
创建人所属的组织结构ID,ORD.CREATE_ORG_ID,1
变更人所属的组织结构ID,ORD.CHANGE_ORG_ID,1
撤销人所属的组织结构ID,ORD.CANCEL_ORG_ID,1
员工履历ID,ORD.EMPLOYEE_REC_ID,1
自增编号,ORD.ID,1
母订单编号,ORD.PARENT_ORDER_ID,1
订单层级编号,ORD.ORDER_TIER_ID,1
委托类型,ORD.DELEGATION_TYPE,1
雇主机构编号,ORD.CLIENT_ID,1
委托方机构编号,ORD.SEND_ORG_ID,1
受托方机构编号,ORD.RECEIVE_ORG_ID,1
大合同编号,ORD.CONTRACT_ID,1
合同类型,ORD.CONTRACT_TYPE,1
小合同编号,ORD.SECOND_CONTRACT_ID,1
员工系统唯一号,ORD.EMPLOYEE_ID,1
订单状态,ORD.ORDER_STATUS,1
订单创建备注,ORD.ORDER_CREATE_REMARK,1
订单变更备注,ORD.ORDER_CHANGE_REMARK,1
订单撤销备注,ORD.ORDER_CANCEL_REMARK,1
创建人,ORD.CREATE_BY,1
创建时间,ORD.CREATE_DT,1
更新人,ORD.UPDATE_BY,1
更新时间,ORD.UPDATE_DT,1
模拟人,ORD.MIMIC_BY,1
代理人,ORD.PROXY_BY,1
创建人所属的组织结构ID,ORD.CREATE_ORG_ID,1
变更人所属的组织结构ID,ORD.CHANGE_ORG_ID,1
撤销人所属的组织结构ID,ORD.CANCEL_ORG_ID,1
员工履历ID,ORD.EMPLOYEE_REC_ID,1
报减员时间,ORD.REDUCESTAFF_UPDATE_DT,1
报减员,ORD.REDUCESTAFF_UPDATE_BY,1
转岗后向指针,ORD.BATTRANSAFTER,1
转岗前向指针,ORD.BATTRANSBEFORE,1
转岗后订单编号,ORD.TRANS_AFTER,1
转岗前订单编号,ORD.TRANS_BEFORE,1
"是否转派过,转派过1",ORD.TURN_TO_SEND,1
养老保险.企业附加额,P200.APPENDE,1
养老保险.企业基数,P200.BASEE,1
养老保险.个人基数,P200.BASEP,1
养老保险.账单结束月,P200.BILL_END_MONTH,1
养老保险.账单起始月,P200.BILL_START_MONTH,1
养老保险.账套编号,P200.BILL_TEMPLATE_CODE,1
养老保险.账套名称,P200.BILL_TEMPLATE_NAME,1
养老保险.服务结束月,P200.PAYMENT_END_MONTH,1
养老保险.服务起始月,P200.PAYMENT_START_MONTH,1
养老保险.政策包名称,P200.POLICY_GROUP_NAME,1
养老保险.企业比例,P200.RATIOE,1
养老保险.个人比例,P200.RATIOP,1
养老保险.组合包名称,P200.SB_GROUP_NAME,1
养老保险.金额,P200.SUM,1
养老保险.企业金额,P200.SUME,1
养老保险.个人金额,P200.SUMP,1
医疗保险.企业附加额,P201.APPENDE,1
医疗保险.企业基数,P201.BASEE,1
医疗保险.个人基数,P201.BASEP,1
医疗保险.账单结束月,P201.BILL_END_MONTH,1
医疗保险.账单起始月,P201.BILL_START_MONTH,1
医疗保险.账套编号,P201.BILL_TEMPLATE_CODE,1
医疗保险.账套名称,P201.BILL_TEMPLATE_NAME,1
医疗保险.服务结束月,P201.PAYMENT_END_MONTH,1
医疗保险.服务起始月,P201.PAYMENT_START_MONTH,1
医疗保险.政策包名称,P201.POLICY_GROUP_NAME,1
医疗保险.企业比例,P201.RATIOE,1
医疗保险.个人比例,P201.RATIOP,1
医疗保险.组合包名称,P201.SB_GROUP_NAME,1
医疗保险.金额,P201.SUM,1
医疗保险.企业金额,P201.SUME,1
医疗保险.个人金额,P201.SUMP,1
失业保险.企业附加额,P202.APPENDE,1
失业保险.企业基数,P202.BASEE,1
失业保险.个人基数,P202.BASEP,1
失业保险.账单结束月,P202.BILL_END_MONTH,1
失业保险.账单起始月,P202.BILL_START_MONTH,1
失业保险.账套编号,P202.BILL_TEMPLATE_CODE,1
失业保险.账套名称,P202.BILL_TEMPLATE_NAME,1
失业保险.服务结束月,P202.PAYMENT_END_MONTH,1
失业保险.服务起始月,P202.PAYMENT_START_MONTH,1
失业保险.政策包名称,P202.POLICY_GROUP_NAME,1
失业保险.企业比例,P202.RATIOE,1
失业保险.个人比例,P202.RATIOP,1
失业保险.组合包名称,P202.SB_GROUP_NAME,1
失业保险.金额,P202.SUM,1
失业保险.企业金额,P202.SUME,1
失业保险.个人金额,P202.SUMP,1
工伤保险.企业附加额,P203.APPENDE,1
工伤保险.企业基数,P203.BASEE,1
工伤保险.个人基数,P203.BASEP,1
工伤保险.账单结束月,P203.BILL_END_MONTH,1
工伤保险.账单起始月,P203.BILL_START_MONTH,1
工伤保险.账套编号,P203.BILL_TEMPLATE_CODE,1
工伤保险.账套名称,P203.BILL_TEMPLATE_NAME,1
工伤保险.服务结束月,P203.PAYMENT_END_MONTH,1
工伤保险.服务起始月,P203.PAYMENT_START_MONTH,1
工伤保险.政策包名称,P203.POLICY_GROUP_NAME,1
工伤保险.企业比例,P203.RATIOE,1
工伤保险.个人比例,P203.RATIOP,1
工伤保险.组合包名称,P203.SB_GROUP_NAME,1
工伤保险.金额,P203.SUM,1
工伤保险.企业金额,P203.SUME,1
工伤保险.个人金额,P203.SUMP,1
生育保险.企业附加额,P204.APPENDE,1
生育保险.企业基数,P204.BASEE,1
生育保险.个人基数,P204.BASEP,1
生育保险.账单结束月,P204.BILL_END_MONTH,1
生育保险.账单起始月,P204.BILL_START_MONTH,1
生育保险.账套编号,P204.BILL_TEMPLATE_CODE,1
生育保险.账套名称,P204.BILL_TEMPLATE_NAME,1
生育保险.服务结束月,P204.PAYMENT_END_MONTH,1
生育保险.服务起始月,P204.PAYMENT_START_MONTH,1
生育保险.政策包名称,P204.POLICY_GROUP_NAME,1
生育保险.企业比例,P204.RATIOE,1
生育保险.个人比例,P204.RATIOP,1
生育保险.组合包名称,P204.SB_GROUP_NAME,1
生育保险.金额,P204.SUM,1
生育保险.企业金额,P204.SUME,1
生育保险.个人金额,P204.SUMP,1
大病保险.企业附加额,P205.APPENDE,1
大病保险.企业基数,P205.BASEE,1
大病保险.个人基数,P205.BASEP,1
大病保险.账单结束月,P205.BILL_END_MONTH,1
大病保险.账单起始月,P205.BILL_START_MONTH,1
大病保险.账套编号,P205.BILL_TEMPLATE_CODE,1
大病保险.账套名称,P205.BILL_TEMPLATE_NAME,1
大病保险.服务结束月,P205.PAYMENT_END_MONTH,1
大病保险.服务起始月,P205.PAYMENT_START_MONTH,1
大病保险.政策包名称,P205.POLICY_GROUP_NAME,1
大病保险.企业比例,P205.RATIOE,1
大病保险.个人比例,P205.RATIOP,1
大病保险.组合包名称,P205.SB_GROUP_NAME,1
大病保险.金额,P205.SUM,1
大病保险.企业金额,P205.SUME,1
大病保险.个人金额,P205.SUMP,1
残疾保障金.企业附加额,P206.APPENDE,1
残疾保障金.企业基数,P206.BASEE,1
残疾保障金.个人基数,P206.BASEP,1
残疾保障金.账单结束月,P206.BILL_END_MONTH,1
残疾保障金.账单起始月,P206.BILL_START_MONTH,1
残疾保障金.账套编号,P206.BILL_TEMPLATE_CODE,1
残疾保障金.账套名称,P206.BILL_TEMPLATE_NAME,1
残疾保障金.服务结束月,P206.PAYMENT_END_MONTH,1
残疾保障金.服务起始月,P206.PAYMENT_START_MONTH,1
残疾保障金.政策包名称,P206.POLICY_GROUP_NAME,1
残疾保障金.企业比例,P206.RATIOE,1
残疾保障金.个人比例,P206.RATIOP,1
残疾保障金.组合包名称,P206.SB_GROUP_NAME,1
残疾保障金.金额,P206.SUM,1
残疾保障金.企业金额,P206.SUME,1
残疾保障金.个人金额,P206.SUMP,1
教育费.企业附加额,P207.APPENDE,1
教育费.企业基数,P207.BASEE,1
教育费.个人基数,P207.BASEP,1
教育费.账单结束月,P207.BILL_END_MONTH,1
教育费.账单起始月,P207.BILL_START_MONTH,1
教育费.账套编号,P207.BILL_TEMPLATE_CODE,1
教育费.账套名称,P207.BILL_TEMPLATE_NAME,1
教育费.服务结束月,P207.PAYMENT_END_MONTH,1
教育费.服务起始月,P207.PAYMENT_START_MONTH,1
教育费.政策包名称,P207.POLICY_GROUP_NAME,1
教育费.企业比例,P207.RATIOE,1
教育费.个人比例,P207.RATIOP,1
教育费.组合包名称,P207.SB_GROUP_NAME,1
教育费.金额,P207.SUM,1
教育费.企业金额,P207.SUME,1
教育费.个人金额,P207.SUMP,1
调配费.企业附加额,P208.APPENDE,1
调配费.企业基数,P208.BASEE,1
调配费.个人基数,P208.BASEP,1
调配费.账单结束月,P208.BILL_END_MONTH,1
调配费.账单起始月,P208.BILL_START_MONTH,1
调配费.账套编号,P208.BILL_TEMPLATE_CODE,1
调配费.账套名称,P208.BILL_TEMPLATE_NAME,1
调配费.服务结束月,P208.PAYMENT_END_MONTH,1
调配费.服务起始月,P208.PAYMENT_START_MONTH,1
调配费.政策包名称,P208.POLICY_GROUP_NAME,1
调配费.企业比例,P208.RATIOE,1
调配费.个人比例,P208.RATIOP,1
调配费.组合包名称,P208.SB_GROUP_NAME,1
调配费.金额,P208.SUM,1
调配费.企业金额,P208.SUME,1
调配费.个人金额,P208.SUMP,1
取暖费.企业附加额,P209.APPENDE,1
取暖费.企业基数,P209.BASEE,1
取暖费.个人基数,P209.BASEP,1
取暖费.账单结束月,P209.BILL_END_MONTH,1
取暖费.账单起始月,P209.BILL_START_MONTH,1
取暖费.账套编号,P209.BILL_TEMPLATE_CODE,1
取暖费.账套名称,P209.BILL_TEMPLATE_NAME,1
取暖费.服务结束月,P209.PAYMENT_END_MONTH,1
取暖费.服务起始月,P209.PAYMENT_START_MONTH,1
取暖费.政策包名称,P209.POLICY_GROUP_NAME,1
取暖费.企业比例,P209.RATIOE,1
取暖费.个人比例,P209.RATIOP,1
取暖费.组合包名称,P209.SB_GROUP_NAME,1
取暖费.金额,P209.SUM,1
取暖费.企业金额,P209.SUME,1
取暖费.个人金额,P209.SUMP,1
门诊医疗社保.企业附加额,P210.APPENDE,1
门诊医疗社保.企业基数,P210.BASEE,1
门诊医疗社保.个人基数,P210.BASEP,1
门诊医疗社保.账单结束月,P210.BILL_END_MONTH,1
门诊医疗社保.账单起始月,P210.BILL_START_MONTH,1
门诊医疗社保.账套编号,P210.BILL_TEMPLATE_CODE,1
门诊医疗社保.账套名称,P210.BILL_TEMPLATE_NAME,1
门诊医疗社保.服务结束月,P210.PAYMENT_END_MONTH,1
门诊医疗社保.服务起始月,P210.PAYMENT_START_MONTH,1
门诊医疗社保.政策包名称,P210.POLICY_GROUP_NAME,1
门诊医疗社保.企业比例,P210.RATIOE,1
门诊医疗社保.个人比例,P210.RATIOP,1
门诊医疗社保.组合包名称,P210.SB_GROUP_NAME,1
门诊医疗社保.金额,P210.SUM,1
门诊医疗社保.企业金额,P210.SUME,1
门诊医疗社保.个人金额,P210.SUMP,1
青岛义务兵.企业附加额,P211.APPENDE,1
青岛义务兵.企业基数,P211.BASEE,1
青岛义务兵.个人基数,P211.BASEP,1
青岛义务兵.账单结束月,P211.BILL_END_MONTH,1
青岛义务兵.账单起始月,P211.BILL_START_MONTH,1
青岛义务兵.账套编号,P211.BILL_TEMPLATE_CODE,1
青岛义务兵.账套名称,P211.BILL_TEMPLATE_NAME,1
青岛义务兵.服务结束月,P211.PAYMENT_END_MONTH,1
青岛义务兵.服务起始月,P211.PAYMENT_START_MONTH,1
青岛义务兵.政策包名称,P211.POLICY_GROUP_NAME,1
青岛义务兵.企业比例,P211.RATIOE,1
青岛义务兵.个人比例,P211.RATIOP,1
青岛义务兵.组合包名称,P211.SB_GROUP_NAME,1
青岛义务兵.金额,P211.SUM,1
青岛义务兵.企业金额,P211.SUME,1
青岛义务兵.个人金额,P211.SUMP,1
工会费(社保).企业附加额,P212.APPENDE,1
工会费(社保).企业基数,P212.BASEE,1
工会费(社保).个人基数,P212.BASEP,1
工会费(社保).账单结束月,P212.BILL_END_MONTH,1
工会费(社保).账单起始月,P212.BILL_START_MONTH,1
工会费(社保).账套编号,P212.BILL_TEMPLATE_CODE,1
工会费(社保).账套名称,P212.BILL_TEMPLATE_NAME,1
工会费(社保).服务结束月,P212.PAYMENT_END_MONTH,1
工会费(社保).服务起始月,P212.PAYMENT_START_MONTH,1
工会费(社保).政策包名称,P212.POLICY_GROUP_NAME,1
工会费(社保).企业比例,P212.RATIOE,1
工会费(社保).个人比例,P212.RATIOP,1
工会费(社保).组合包名称,P212.SB_GROUP_NAME,1
工会费(社保).金额,P212.SUM,1
工会费(社保).企业金额,P212.SUME,1
工会费(社保).个人金额,P212.SUMP,1
住院医疗保险.企业附加额,P213.APPENDE,1
住院医疗保险.企业基数,P213.BASEE,1
住院医疗保险.个人基数,P213.BASEP,1
住院医疗保险.账单结束月,P213.BILL_END_MONTH,1
住院医疗保险.账单起始月,P213.BILL_START_MONTH,1
住院医疗保险.账套编号,P213.BILL_TEMPLATE_CODE,1
住院医疗保险.账套名称,P213.BILL_TEMPLATE_NAME,1
住院医疗保险.服务结束月,P213.PAYMENT_END_MONTH,1
住院医疗保险.服务起始月,P213.PAYMENT_START_MONTH,1
住院医疗保险.政策包名称,P213.POLICY_GROUP_NAME,1
住院医疗保险.企业比例,P213.RATIOE,1
住院医疗保险.个人比例,P213.RATIOP,1
住院医疗保险.组合包名称,P213.SB_GROUP_NAME,1
住院医疗保险.金额,P213.SUM,1
住院医疗保险.企业金额,P213.SUME,1
住院医疗保险.个人金额,P213.SUMP,1
综合保险.企业附加额,P220.APPENDE,1
综合保险.企业基数,P220.BASEE,1
综合保险.个人基数,P220.BASEP,1
综合保险.账单结束月,P220.BILL_END_MONTH,1
综合保险.账单起始月,P220.BILL_START_MONTH,1
综合保险.账套编号,P220.BILL_TEMPLATE_CODE,1
综合保险.账套名称,P220.BILL_TEMPLATE_NAME,1
综合保险.服务结束月,P220.PAYMENT_END_MONTH,1
综合保险.服务起始月,P220.PAYMENT_START_MONTH,1
综合保险.政策包名称,P220.POLICY_GROUP_NAME,1
综合保险.企业比例,P220.RATIOE,1
综合保险.个人比例,P220.RATIOP,1
综合保险.组合包名称,P220.SB_GROUP_NAME,1
综合保险.金额,P220.SUM,1
综合保险.企业金额,P220.SUME,1
综合保险.个人金额,P220.SUMP,1
代缴社保服务费.企业附加额,P2314.APPENDE,1
代缴社保服务费.企业基数,P2314.BASEE,1
代缴社保服务费.个人基数,P2314.BASEP,1
代缴社保服务费.账单结束月,P2314.BILL_END_MONTH,1
代缴社保服务费.账单起始月,P2314.BILL_START_MONTH,1
代缴社保服务费.账套编号,P2314.BILL_TEMPLATE_CODE,1
代缴社保服务费.账套名称,P2314.BILL_TEMPLATE_NAME,1
代缴社保服务费.服务结束月,P2314.PAYMENT_END_MONTH,1
代缴社保服务费.服务起始月,P2314.PAYMENT_START_MONTH,1
代缴社保服务费.政策包名称,P2314.POLICY_GROUP_NAME,1
代缴社保服务费.企业比例,P2314.RATIOE,1
代缴社保服务费.个人比例,P2314.RATIOP,1
代缴社保服务费.组合包名称,P2314.SB_GROUP_NAME,1
代缴社保服务费.金额,P2314.SUM,1
代缴社保服务费.企业金额,P2314.SUME,1
代缴社保服务费.个人金额,P2314.SUMP,1
代缴公积金.企业附加额,P2315.APPENDE,1
代缴公积金.企业基数,P2315.BASEE,1
代缴公积金.个人基数,P2315.BASEP,1
代缴公积金.账单结束月,P2315.BILL_END_MONTH,1
代缴公积金.账单起始月,P2315.BILL_START_MONTH,1
代缴公积金.账套编号,P2315.BILL_TEMPLATE_CODE,1
代缴公积金.账套名称,P2315.BILL_TEMPLATE_NAME,1
代缴公积金.服务结束月,P2315.PAYMENT_END_MONTH,1
代缴公积金.服务起始月,P2315.PAYMENT_START_MONTH,1
代缴公积金.政策包名称,P2315.POLICY_GROUP_NAME,1
代缴公积金.企业比例,P2315.RATIOE,1
代缴公积金.个人比例,P2315.RATIOP,1
代缴公积金.组合包名称,P2315.SB_GROUP_NAME,1
代缴公积金.金额,P2315.SUM,1
代缴公积金.企业金额,P2315.SUME,1
代缴公积金.个人金额,P2315.SUMP,1
社保滞纳金.企业附加额,P2316.APPENDE,1
社保滞纳金.企业基数,P2316.BASEE,1
社保滞纳金.个人基数,P2316.BASEP,1
社保滞纳金.账单结束月,P2316.BILL_END_MONTH,1
社保滞纳金.账单起始月,P2316.BILL_START_MONTH,1
社保滞纳金.账套编号,P2316.BILL_TEMPLATE_CODE,1
社保滞纳金.账套名称,P2316.BILL_TEMPLATE_NAME,1
社保滞纳金.服务结束月,P2316.PAYMENT_END_MONTH,1
社保滞纳金.服务起始月,P2316.PAYMENT_START_MONTH,1
社保滞纳金.政策包名称,P2316.POLICY_GROUP_NAME,1
社保滞纳金.企业比例,P2316.RATIOE,1
社保滞纳金.个人比例,P2316.RATIOP,1
社保滞纳金.组合包名称,P2316.SB_GROUP_NAME,1
社保滞纳金.金额,P2316.SUM,1
社保滞纳金.企业金额,P2316.SUME,1
社保滞纳金.个人金额,P2316.SUMP,1
工本费.企业附加额,P2317.APPENDE,1
工本费.企业基数,P2317.BASEE,1
工本费.个人基数,P2317.BASEP,1
工本费.账单结束月,P2317.BILL_END_MONTH,1
工本费.账单起始月,P2317.BILL_START_MONTH,1
工本费.账套编号,P2317.BILL_TEMPLATE_CODE,1
工本费.账套名称,P2317.BILL_TEMPLATE_NAME,1
工本费.服务结束月,P2317.PAYMENT_END_MONTH,1
工本费.服务起始月,P2317.PAYMENT_START_MONTH,1
工本费.政策包名称,P2317.POLICY_GROUP_NAME,1
工本费.企业比例,P2317.RATIOE,1
工本费.个人比例,P2317.RATIOP,1
工本费.组合包名称,P2317.SB_GROUP_NAME,1
工本费.金额,P2317.SUM,1
工本费.企业金额,P2317.SUME,1
工本费.个人金额,P2317.SUMP,1
补缴利息.企业附加额,P2363.APPENDE,1
补缴利息.企业基数,P2363.BASEE,1
补缴利息.个人基数,P2363.BASEP,1
补缴利息.账单结束月,P2363.BILL_END_MONTH,1
补缴利息.账单起始月,P2363.BILL_START_MONTH,1
补缴利息.账套编号,P2363.BILL_TEMPLATE_CODE,1
补缴利息.账套名称,P2363.BILL_TEMPLATE_NAME,1
补缴利息.服务结束月,P2363.PAYMENT_END_MONTH,1
补缴利息.服务起始月,P2363.PAYMENT_START_MONTH,1
补缴利息.政策包名称,P2363.POLICY_GROUP_NAME,1
补缴利息.企业比例,P2363.RATIOE,1
补缴利息.个人比例,P2363.RATIOP,1
补缴利息.组合包名称,P2363.SB_GROUP_NAME,1
补缴利息.金额,P2363.SUM,1
补缴利息.企业金额,P2363.SUME,1
补缴利息.个人金额,P2363.SUMP,1
住房公积金.企业附加额,P240.APPENDE,1
住房公积金.企业基数,P240.BASEE,1
住房公积金.个人基数,P240.BASEP,1
住房公积金.账单结束月,P240.BILL_END_MONTH,1
住房公积金.账单起始月,P240.BILL_START_MONTH,1
住房公积金.账套编号,P240.BILL_TEMPLATE_CODE,1
住房公积金.账套名称,P240.BILL_TEMPLATE_NAME,1
住房公积金.服务结束月,P240.PAYMENT_END_MONTH,1
住房公积金.服务起始月,P240.PAYMENT_START_MONTH,1
住房公积金.政策包名称,P240.POLICY_GROUP_NAME,1
住房公积金.企业比例,P240.RATIOE,1
住房公积金.个人比例,P240.RATIOP,1
住房公积金.组合包名称,P240.SB_GROUP_NAME,1
住房公积金.金额,P240.SUM,1
住房公积金.企业金额,P240.SUME,1
住房公积金.个人金额,P240.SUMP,1
补充住房公积金.企业附加额,P241.APPENDE,1
补充住房公积金.企业基数,P241.BASEE,1
补充住房公积金.个人基数,P241.BASEP,1
补充住房公积金.账单结束月,P241.BILL_END_MONTH,1
补充住房公积金.账单起始月,P241.BILL_START_MONTH,1
补充住房公积金.账套编号,P241.BILL_TEMPLATE_CODE,1
补充住房公积金.账套名称,P241.BILL_TEMPLATE_NAME,1
补充住房公积金.服务结束月,P241.PAYMENT_END_MONTH,1
补充住房公积金.服务起始月,P241.PAYMENT_START_MONTH,1
补充住房公积金.政策包名称,P241.POLICY_GROUP_NAME,1
补充住房公积金.企业比例,P241.RATIOE,1
补充住房公积金.个人比例,P241.RATIOP,1
补充住房公积金.组合包名称,P241.SB_GROUP_NAME,1
补充住房公积金.金额,P241.SUM,1
补充住房公积金.企业金额,P241.SUME,1
补充住房公积金.个人金额,P241.SUMP,1
一次性补缴公积金.企业附加额,P242.APPENDE,1
一次性补缴公积金.企业基数,P242.BASEE,1
一次性补缴公积金.个人基数,P242.BASEP,1
一次性补缴公积金.账单结束月,P242.BILL_END_MONTH,1
一次性补缴公积金.账单起始月,P242.BILL_START_MONTH,1
一次性补缴公积金.账套编号,P242.BILL_TEMPLATE_CODE,1
一次性补缴公积金.账套名称,P242.BILL_TEMPLATE_NAME,1
一次性补缴公积金.服务结束月,P242.PAYMENT_END_MONTH,1
一次性补缴公积金.服务起始月,P242.PAYMENT_START_MONTH,1
一次性补缴公积金.政策包名称,P242.POLICY_GROUP_NAME,1
一次性补缴公积金.企业比例,P242.RATIOE,1
一次性补缴公积金.个人比例,P242.RATIOP,1
一次性补缴公积金.组合包名称,P242.SB_GROUP_NAME,1
一次性补缴公积金.金额,P242.SUM,1
一次性补缴公积金.企业金额,P242.SUME,1
一次性补缴公积金.个人金额,P242.SUMP,1
住房补贴.企业附加额,P243.APPENDE,1
住房补贴.企业基数,P243.BASEE,1
住房补贴.个人基数,P243.BASEP,1
住房补贴.账单结束月,P243.BILL_END_MONTH,1
住房补贴.账单起始月,P243.BILL_START_MONTH,1
住房补贴.账套编号,P243.BILL_TEMPLATE_CODE,1
住房补贴.账套名称,P243.BILL_TEMPLATE_NAME,1
住房补贴.服务结束月,P243.PAYMENT_END_MONTH,1
住房补贴.服务起始月,P243.PAYMENT_START_MONTH,1
住房补贴.政策包名称,P243.POLICY_GROUP_NAME,1
住房补贴.企业比例,P243.RATIOE,1
住房补贴.个人比例,P243.RATIOP,1
住房补贴.组合包名称,P243.SB_GROUP_NAME,1
住房补贴.金额,P243.SUM,1
住房补贴.企业金额,P243.SUME,1
住房补贴.个人金额,P243.SUMP,1
补充养老保险.企业附加额,P245.APPENDE,1
补充养老保险.企业基数,P245.BASEE,1
补充养老保险.个人基数,P245.BASEP,1
补充养老保险.账单结束月,P245.BILL_END_MONTH,1
补充养老保险.账单起始月,P245.BILL_START_MONTH,1
补充养老保险.账套编号,P245.BILL_TEMPLATE_CODE,1
补充养老保险.账套名称,P245.BILL_TEMPLATE_NAME,1
补充养老保险.服务结束月,P245.PAYMENT_END_MONTH,1
补充养老保险.服务起始月,P245.PAYMENT_START_MONTH,1
补充养老保险.政策包名称,P245.POLICY_GROUP_NAME,1
补充养老保险.企业比例,P245.RATIOE,1
补充养老保险.个人比例,P245.RATIOP,1
补充养老保险.组合包名称,P245.SB_GROUP_NAME,1
补充养老保险.金额,P245.SUM,1
补充养老保险.企业金额,P245.SUME,1
补充养老保险.个人金额,P245.SUMP,1
补充医疗保险.企业附加额,P246.APPENDE,1
补充医疗保险.企业基数,P246.BASEE,1
补充医疗保险.个人基数,P246.BASEP,1
补充医疗保险.账单结束月,P246.BILL_END_MONTH,1
补充医疗保险.账单起始月,P246.BILL_START_MONTH,1
补充医疗保险.账套编号,P246.BILL_TEMPLATE_CODE,1
补充医疗保险.账套名称,P246.BILL_TEMPLATE_NAME,1
补充医疗保险.服务结束月,P246.PAYMENT_END_MONTH,1
补充医疗保险.服务起始月,P246.PAYMENT_START_MONTH,1
补充医疗保险.政策包名称,P246.POLICY_GROUP_NAME,1
补充医疗保险.企业比例,P246.RATIOE,1
补充医疗保险.个人比例,P246.RATIOP,1
补充医疗保险.组合包名称,P246.SB_GROUP_NAME,1
补充医疗保险.金额,P246.SUM,1
补充医疗保险.企业金额,P246.SUME,1
补充医疗保险.个人金额,P246.SUMP,1
地方养老保险.企业附加额,P247.APPENDE,1
地方养老保险.企业基数,P247.BASEE,1
地方养老保险.个人基数,P247.BASEP,1
地方养老保险.账单结束月,P247.BILL_END_MONTH,1
地方养老保险.账单起始月,P247.BILL_START_MONTH,1
地方养老保险.账套编号,P247.BILL_TEMPLATE_CODE,1
地方养老保险.账套名称,P247.BILL_TEMPLATE_NAME,1
地方养老保险.服务结束月,P247.PAYMENT_END_MONTH,1
地方养老保险.服务起始月,P247.PAYMENT_START_MONTH,1
地方养老保险.政策包名称,P247.POLICY_GROUP_NAME,1
地方养老保险.企业比例,P247.RATIOE,1
地方养老保险.个人比例,P247.RATIOP,1
地方养老保险.组合包名称,P247.SB_GROUP_NAME,1
地方养老保险.金额,P247.SUM,1
地方养老保险.企业金额,P247.SUME,1
地方养老保险.个人金额,P247.SUMP,1
离休干部医疗费保险.企业附加额,P248.APPENDE,1
离休干部医疗费保险.企业基数,P248.BASEE,1
离休干部医疗费保险.个人基数,P248.BASEP,1
离休干部医疗费保险.账单结束月,P248.BILL_END_MONTH,1
离休干部医疗费保险.账单起始月,P248.BILL_START_MONTH,1
离休干部医疗费保险.账套编号,P248.BILL_TEMPLATE_CODE,1
离休干部医疗费保险.账套名称,P248.BILL_TEMPLATE_NAME,1
离休干部医疗费保险.服务结束月,P248.PAYMENT_END_MONTH,1
离休干部医疗费保险.服务起始月,P248.PAYMENT_START_MONTH,1
离休干部医疗费保险.政策包名称,P248.POLICY_GROUP_NAME,1
离休干部医疗费保险.企业比例,P248.RATIOE,1
离休干部医疗费保险.个人比例,P248.RATIOP,1
离休干部医疗费保险.组合包名称,P248.SB_GROUP_NAME,1
离休干部医疗费保险.金额,P248.SUM,1
离休干部医疗费保险.企业金额,P248.SUME,1
离休干部医疗费保险.个人金额,P248.SUMP,1
政府收费.企业附加额,P249.APPENDE,1
政府收费.企业基数,P249.BASEE,1
政府收费.个人基数,P249.BASEP,1
政府收费.账单结束月,P249.BILL_END_MONTH,1
政府收费.账单起始月,P249.BILL_START_MONTH,1
政府收费.账套编号,P249.BILL_TEMPLATE_CODE,1
政府收费.账套名称,P249.BILL_TEMPLATE_NAME,1
政府收费.服务结束月,P249.PAYMENT_END_MONTH,1
政府收费.服务起始月,P249.PAYMENT_START_MONTH,1
政府收费.政策包名称,P249.POLICY_GROUP_NAME,1
政府收费.企业比例,P249.RATIOE,1
政府收费.个人比例,P249.RATIOP,1
政府收费.组合包名称,P249.SB_GROUP_NAME,1
政府收费.金额,P249.SUM,1
政府收费.企业金额,P249.SUME,1
政府收费.个人金额,P249.SUMP,1
劳务费.企业附加额,P2494.APPENDE,1
劳务费.企业基数,P2494.BASEE,1
劳务费.个人基数,P2494.BASEP,1
劳务费.账单结束月,P2494.BILL_END_MONTH,1
劳务费.账单起始月,P2494.BILL_START_MONTH,1
劳务费.账套编号,P2494.BILL_TEMPLATE_CODE,1
劳务费.账套名称,P2494.BILL_TEMPLATE_NAME,1
劳务费.服务结束月,P2494.PAYMENT_END_MONTH,1
劳务费.服务起始月,P2494.PAYMENT_START_MONTH,1
劳务费.政策包名称,P2494.POLICY_GROUP_NAME,1
劳务费.企业比例,P2494.RATIOE,1
劳务费.个人比例,P2494.RATIOP,1
劳务费.组合包名称,P2494.SB_GROUP_NAME,1
劳务费.金额,P2494.SUM,1
劳务费.企业金额,P2494.SUME,1
劳务费.个人金额,P2494.SUMP,1
补充工伤保险.企业附加额,P250.APPENDE,1
补充工伤保险.企业基数,P250.BASEE,1
补充工伤保险.个人基数,P250.BASEP,1
补充工伤保险.账单结束月,P250.BILL_END_MONTH,1
补充工伤保险.账单起始月,P250.BILL_START_MONTH,1
补充工伤保险.账套编号,P250.BILL_TEMPLATE_CODE,1
补充工伤保险.账套名称,P250.BILL_TEMPLATE_NAME,1
补充工伤保险.服务结束月,P250.PAYMENT_END_MONTH,1
补充工伤保险.服务起始月,P250.PAYMENT_START_MONTH,1
补充工伤保险.政策包名称,P250.POLICY_GROUP_NAME,1
补充工伤保险.企业比例,P250.RATIOE,1
补充工伤保险.个人比例,P250.RATIOP,1
补充工伤保险.组合包名称,P250.SB_GROUP_NAME,1
补充工伤保险.金额,P250.SUM,1
补充工伤保险.企业金额,P250.SUME,1
补充工伤保险.个人金额,P250.SUMP,1
社保备用金.企业附加额,P251.APPENDE,1
社保备用金.企业基数,P251.BASEE,1
社保备用金.个人基数,P251.BASEP,1
社保备用金.账单结束月,P251.BILL_END_MONTH,1
社保备用金.账单起始月,P251.BILL_START_MONTH,1
社保备用金.账套编号,P251.BILL_TEMPLATE_CODE,1
社保备用金.账套名称,P251.BILL_TEMPLATE_NAME,1
社保备用金.服务结束月,P251.PAYMENT_END_MONTH,1
社保备用金.服务起始月,P251.PAYMENT_START_MONTH,1
社保备用金.政策包名称,P251.POLICY_GROUP_NAME,1
社保备用金.企业比例,P251.RATIOE,1
社保备用金.个人比例,P251.RATIOP,1
社保备用金.组合包名称,P251.SB_GROUP_NAME,1
社保备用金.金额,P251.SUM,1
社保备用金.企业金额,P251.SUME,1
社保备用金.个人金额,P251.SUMP,1
上海顶甄食品有限公司男.企业附加额,P2590.APPENDE,1
上海顶甄食品有限公司男.企业基数,P2590.BASEE,1
上海顶甄食品有限公司男.个人基数,P2590.BASEP,1
上海顶甄食品有限公司男.账单结束月,P2590.BILL_END_MONTH,1
上海顶甄食品有限公司男.账单起始月,P2590.BILL_START_MONTH,1
上海顶甄食品有限公司男.账套编号,P2590.BILL_TEMPLATE_CODE,1
上海顶甄食品有限公司男.账套名称,P2590.BILL_TEMPLATE_NAME,1
上海顶甄食品有限公司男.服务结束月,P2590.PAYMENT_END_MONTH,1
上海顶甄食品有限公司男.服务起始月,P2590.PAYMENT_START_MONTH,1
上海顶甄食品有限公司男.政策包名称,P2590.POLICY_GROUP_NAME,1
上海顶甄食品有限公司男.企业比例,P2590.RATIOE,1
上海顶甄食品有限公司男.个人比例,P2590.RATIOP,1
上海顶甄食品有限公司男.组合包名称,P2590.SB_GROUP_NAME,1
上海顶甄食品有限公司男.金额,P2590.SUM,1
上海顶甄食品有限公司男.企业金额,P2590.SUME,1
上海顶甄食品有限公司男.个人金额,P2590.SUMP,1
财务代理费.企业附加额,P2600.APPENDE,1
财务代理费.企业基数,P2600.BASEE,1
财务代理费.个人基数,P2600.BASEP,1
财务代理费.账单结束月,P2600.BILL_END_MONTH,1
财务代理费.账单起始月,P2600.BILL_START_MONTH,1
财务代理费.账套编号,P2600.BILL_TEMPLATE_CODE,1
财务代理费.账套名称,P2600.BILL_TEMPLATE_NAME,1
财务代理费.服务结束月,P2600.PAYMENT_END_MONTH,1
财务代理费.服务起始月,P2600.PAYMENT_START_MONTH,1
财务代理费.政策包名称,P2600.POLICY_GROUP_NAME,1
财务代理费.企业比例,P2600.RATIOE,1
财务代理费.个人比例,P2600.RATIOP,1
财务代理费.组合包名称,P2600.SB_GROUP_NAME,1
财务代理费.金额,P2600.SUM,1
财务代理费.企业金额,P2600.SUME,1
财务代理费.个人金额,P2600.SUMP,1
上海昱擎文化传播有限公司商保3月.企业附加额,P2605.APPENDE,1
上海昱擎文化传播有限公司商保3月.企业基数,P2605.BASEE,1
上海昱擎文化传播有限公司商保3月.个人基数,P2605.BASEP,1
上海昱擎文化传播有限公司商保3月.账单结束月,P2605.BILL_END_MONTH,1
上海昱擎文化传播有限公司商保3月.账单起始月,P2605.BILL_START_MONTH,1
上海昱擎文化传播有限公司商保3月.账套编号,P2605.BILL_TEMPLATE_CODE,1
上海昱擎文化传播有限公司商保3月.账套名称,P2605.BILL_TEMPLATE_NAME,1
上海昱擎文化传播有限公司商保3月.服务结束月,P2605.PAYMENT_END_MONTH,1
上海昱擎文化传播有限公司商保3月.服务起始月,P2605.PAYMENT_START_MONTH,1
上海昱擎文化传播有限公司商保3月.政策包名称,P2605.POLICY_GROUP_NAME,1
上海昱擎文化传播有限公司商保3月.企业比例,P2605.RATIOE,1
上海昱擎文化传播有限公司商保3月.个人比例,P2605.RATIOP,1
上海昱擎文化传播有限公司商保3月.组合包名称,P2605.SB_GROUP_NAME,1
上海昱擎文化传播有限公司商保3月.金额,P2605.SUM,1
上海昱擎文化传播有限公司商保3月.企业金额,P2605.SUME,1
上海昱擎文化传播有限公司商保3月.个人金额,P2605.SUMP,1
营业税.企业附加额,P301.APPENDE,1
营业税.企业基数,P301.BASEE,1
营业税.个人基数,P301.BASEP,1
营业税.账单结束月,P301.BILL_END_MONTH,1
营业税.账单起始月,P301.BILL_START_MONTH,1
营业税.账套编号,P301.BILL_TEMPLATE_CODE,1
营业税.账套名称,P301.BILL_TEMPLATE_NAME,1
营业税.服务结束月,P301.PAYMENT_END_MONTH,1
营业税.服务起始月,P301.PAYMENT_START_MONTH,1
营业税.政策包名称,P301.POLICY_GROUP_NAME,1
营业税.企业比例,P301.RATIOE,1
营业税.个人比例,P301.RATIOP,1
营业税.组合包名称,P301.SB_GROUP_NAME,1
营业税.金额,P301.SUM,1
营业税.企业金额,P301.SUME,1
营业税.个人金额,P301.SUMP,1
上海-服务费.企业附加额,P4724.APPENDE,1
上海-服务费.企业基数,P4724.BASEE,1
上海-服务费.个人基数,P4724.BASEP,1
上海-服务费.账单结束月,P4724.BILL_END_MONTH,1
上海-服务费.账单起始月,P4724.BILL_START_MONTH,1
上海-服务费.账套编号,P4724.BILL_TEMPLATE_CODE,1
上海-服务费.账套名称,P4724.BILL_TEMPLATE_NAME,1
上海-服务费.服务结束月,P4724.PAYMENT_END_MONTH,1
上海-服务费.服务起始月,P4724.PAYMENT_START_MONTH,1
上海-服务费.政策包名称,P4724.POLICY_GROUP_NAME,1
上海-服务费.企业比例,P4724.RATIOE,1
上海-服务费.个人比例,P4724.RATIOP,1
上海-服务费.组合包名称,P4724.SB_GROUP_NAME,1
上海-服务费.金额,P4724.SUM,1
上海-服务费.企业金额,P4724.SUME,1
上海-服务费.个人金额,P4724.SUMP,1
录退工.企业附加额,P5360.APPENDE,1
录退工.企业基数,P5360.BASEE,1
录退工.个人基数,P5360.BASEP,1
录退工.账单结束月,P5360.BILL_END_MONTH,1
录退工.账单起始月,P5360.BILL_START_MONTH,1
录退工.账套编号,P5360.BILL_TEMPLATE_CODE,1
录退工.账套名称,P5360.BILL_TEMPLATE_NAME,1
录退工.服务结束月,P5360.PAYMENT_END_MONTH,1
录退工.服务起始月,P5360.PAYMENT_START_MONTH,1
录退工.政策包名称,P5360.POLICY_GROUP_NAME,1
录退工.企业比例,P5360.RATIOE,1
录退工.个人比例,P5360.RATIOP,1
录退工.组合包名称,P5360.SB_GROUP_NAME,1
录退工.金额,P5360.SUM,1
录退工.企业金额,P5360.SUME,1
录退工.个人金额,P5360.SUMP,1
增值税.企业附加额,P5649.APPENDE,1
增值税.企业基数,P5649.BASEE,1
增值税.个人基数,P5649.BASEP,1
增值税.账单结束月,P5649.BILL_END_MONTH,1
增值税.账单起始月,P5649.BILL_START_MONTH,1
增值税.账套编号,P5649.BILL_TEMPLATE_CODE,1
增值税.账套名称,P5649.BILL_TEMPLATE_NAME,1
增值税.服务结束月,P5649.PAYMENT_END_MONTH,1
增值税.服务起始月,P5649.PAYMENT_START_MONTH,1
增值税.政策包名称,P5649.POLICY_GROUP_NAME,1
增值税.企业比例,P5649.RATIOE,1
增值税.个人比例,P5649.RATIOP,1
增值税.组合包名称,P5649.SB_GROUP_NAME,1
增值税.金额,P5649.SUM,1
增值税.企业金额,P5649.SUME,1
增值税.个人金额,P5649.SUMP,1
增值税.企业附加额,P5650.APPENDE,1
增值税.企业基数,P5650.BASEE,1
增值税.个人基数,P5650.BASEP,1
增值税.账单结束月,P5650.BILL_END_MONTH,1
增值税.账单起始月,P5650.BILL_START_MONTH,1
增值税.账套编号,P5650.BILL_TEMPLATE_CODE,1
增值税.账套名称,P5650.BILL_TEMPLATE_NAME,1
增值税.服务结束月,P5650.PAYMENT_END_MONTH,1
增值税.服务起始月,P5650.PAYMENT_START_MONTH,1
增值税.政策包名称,P5650.POLICY_GROUP_NAME,1
增值税.企业比例,P5650.RATIOE,1
增值税.个人比例,P5650.RATIOP,1
增值税.组合包名称,P5650.SB_GROUP_NAME,1
增值税.金额,P5650.SUM,1
增值税.企业金额,P5650.SUME,1
增值税.个人金额,P5650.SUMP,1
增值税.企业附加额,P5651.APPENDE,1
增值税.企业基数,P5651.BASEE,1
增值税.个人基数,P5651.BASEP,1
增值税.账单结束月,P5651.BILL_END_MONTH,1
增值税.账单起始月,P5651.BILL_START_MONTH,1
增值税.账套编号,P5651.BILL_TEMPLATE_CODE,1
增值税.账套名称,P5651.BILL_TEMPLATE_NAME,1
增值税.服务结束月,P5651.PAYMENT_END_MONTH,1
增值税.服务起始月,P5651.PAYMENT_START_MONTH,1
增值税.政策包名称,P5651.POLICY_GROUP_NAME,1
增值税.企业比例,P5651.RATIOE,1
增值税.个人比例,P5651.RATIOP,1
增值税.组合包名称,P5651.SB_GROUP_NAME,1
增值税.金额,P5651.SUM,1
增值税.企业金额,P5651.SUME,1
增值税.个人金额,P5651.SUMP,1
增值税.企业附加额,P5659.APPENDE,1
增值税.企业基数,P5659.BASEE,1
增值税.个人基数,P5659.BASEP,1
增值税.账单结束月,P5659.BILL_END_MONTH,1
增值税.账单起始月,P5659.BILL_START_MONTH,1
增值税.账套编号,P5659.BILL_TEMPLATE_CODE,1
增值税.账套名称,P5659.BILL_TEMPLATE_NAME,1
增值税.服务结束月,P5659.PAYMENT_END_MONTH,1
增值税.服务起始月,P5659.PAYMENT_START_MONTH,1
增值税.政策包名称,P5659.POLICY_GROUP_NAME,1
增值税.企业比例,P5659.RATIOE,1
增值税.个人比例,P5659.RATIOP,1
增值税.组合包名称,P5659.SB_GROUP_NAME,1
增值税.金额,P5659.SUM,1
增值税.企业金额,P5659.SUME,1
增值税.个人金额,P5659.SUMP,1
2016沈阳医保差额补缴.企业附加额,P5661.APPENDE,1
2016沈阳医保差额补缴.企业基数,P5661.BASEE,1
2016沈阳医保差额补缴.个人基数,P5661.BASEP,1
2016沈阳医保差额补缴.账单结束月,P5661.BILL_END_MONTH,1
2016沈阳医保差额补缴.账单起始月,P5661.BILL_START_MONTH,1
2016沈阳医保差额补缴.账套编号,P5661.BILL_TEMPLATE_CODE,1
2016沈阳医保差额补缴.账套名称,P5661.BILL_TEMPLATE_NAME,1
2016沈阳医保差额补缴.服务结束月,P5661.PAYMENT_END_MONTH,1
2016沈阳医保差额补缴.服务起始月,P5661.PAYMENT_START_MONTH,1
2016沈阳医保差额补缴.政策包名称,P5661.POLICY_GROUP_NAME,1
2016沈阳医保差额补缴.企业比例,P5661.RATIOE,1
2016沈阳医保差额补缴.个人比例,P5661.RATIOP,1
2016沈阳医保差额补缴.组合包名称,P5661.SB_GROUP_NAME,1
2016沈阳医保差额补缴.金额,P5661.SUM,1
2016沈阳医保差额补缴.企业金额,P5661.SUME,1
2016沈阳医保差额补缴.个人金额,P5661.SUMP,1
个人意外险.企业附加额,P6153.APPENDE,1
个人意外险.企业基数,P6153.BASEE,1
个人意外险.个人基数,P6153.BASEP,1
个人意外险.账单结束月,P6153.BILL_END_MONTH,1
个人意外险.账单起始月,P6153.BILL_START_MONTH,1
个人意外险.账套编号,P6153.BILL_TEMPLATE_CODE,1
个人意外险.账套名称,P6153.BILL_TEMPLATE_NAME,1
个人意外险.服务结束月,P6153.PAYMENT_END_MONTH,1
个人意外险.服务起始月,P6153.PAYMENT_START_MONTH,1
个人意外险.政策包名称,P6153.POLICY_GROUP_NAME,1
个人意外险.企业比例,P6153.RATIOE,1
个人意外险.个人比例,P6153.RATIOP,1
个人意外险.组合包名称,P6153.SB_GROUP_NAME,1
个人意外险.金额,P6153.SUM,1
个人意外险.企业金额,P6153.SUME,1
个人意外险.个人金额,P6153.SUMP,1
长护保险.企业附加额,P6215.APPENDE,1
长护保险.企业基数,P6215.BASEE,1
长护保险.个人基数,P6215.BASEP,1
长护保险.账单结束月,P6215.BILL_END_MONTH,1
长护保险.账单起始月,P6215.BILL_START_MONTH,1
长护保险.账套编号,P6215.BILL_TEMPLATE_CODE,1
长护保险.账套名称,P6215.BILL_TEMPLATE_NAME,1
长护保险.服务结束月,P6215.PAYMENT_END_MONTH,1
长护保险.服务起始月,P6215.PAYMENT_START_MONTH,1
长护保险.政策包名称,P6215.POLICY_GROUP_NAME,1
长护保险.企业比例,P6215.RATIOE,1
长护保险.个人比例,P6215.RATIOP,1
长护保险.组合包名称,P6215.SB_GROUP_NAME,1
长护保险.金额,P6215.SUM,1
长护保险.企业金额,P6215.SUME,1
长护保险.个人金额,P6215.SUMP,1
实发工资.账单结束月,P100.BILL_END_MONTH,1
实发工资.账单起始月,P100.BILL_START_MONTH,1
实发工资.账套编号,P100.BILL_TEMPLATE_CODE,1
实发工资.账套名称,P100.BILL_TEMPLATE_NAME,1
实发工资.服务结束月,P100.PAYMENT_END_MONTH,1
实发工资.服务起始月,P100.PAYMENT_START_MONTH,1
实发工资.金额,P100.SUM,1
个调税.账单结束月,P101.BILL_END_MONTH,1
个调税.账单起始月,P101.BILL_START_MONTH,1
个调税.账套编号,P101.BILL_TEMPLATE_CODE,1
个调税.账套名称,P101.BILL_TEMPLATE_NAME,1
个调税.服务结束月,P101.PAYMENT_END_MONTH,1
个调税.服务起始月,P101.PAYMENT_START_MONTH,1
个调税.金额,P101.SUM,1
工资服务费.账单结束月,P102.BILL_END_MONTH,1
工资服务费.账单起始月,P102.BILL_START_MONTH,1
工资服务费.账套编号,P102.BILL_TEMPLATE_CODE,1
工资服务费.账套名称,P102.BILL_TEMPLATE_NAME,1
工资服务费.服务结束月,P102.PAYMENT_END_MONTH,1
工资服务费.服务起始月,P102.PAYMENT_START_MONTH,1
工资服务费.金额,P102.SUM,1
个税服务费.账单结束月,P103.BILL_END_MONTH,1
个税服务费.账单起始月,P103.BILL_START_MONTH,1
个税服务费.账套编号,P103.BILL_TEMPLATE_CODE,1
个税服务费.账套名称,P103.BILL_TEMPLATE_NAME,1
个税服务费.服务结束月,P103.PAYMENT_END_MONTH,1
个税服务费.服务起始月,P103.PAYMENT_START_MONTH,1
个税服务费.金额,P103.SUM,1
档案费代收.账单结束月,P2250.BILL_END_MONTH,1
档案费代收.账单起始月,P2250.BILL_START_MONTH,1
档案费代收.账套编号,P2250.BILL_TEMPLATE_CODE,1
档案费代收.账套名称,P2250.BILL_TEMPLATE_NAME,1
档案费代收.服务结束月,P2250.PAYMENT_END_MONTH,1
档案费代收.服务起始月,P2250.PAYMENT_START_MONTH,1
档案费代收.金额,P2250.SUM,1
清算款.账单结束月,P2251.BILL_END_MONTH,1
清算款.账单起始月,P2251.BILL_START_MONTH,1
清算款.账套编号,P2251.BILL_TEMPLATE_CODE,1
清算款.账套名称,P2251.BILL_TEMPLATE_NAME,1
清算款.服务结束月,P2251.PAYMENT_END_MONTH,1
清算款.服务起始月,P2251.PAYMENT_START_MONTH,1
清算款.金额,P2251.SUM,1
个调税IncomeTax.账单结束月,P2252.BILL_END_MONTH,1
个调税IncomeTax.账单起始月,P2252.BILL_START_MONTH,1
个调税IncomeTax.账套编号,P2252.BILL_TEMPLATE_CODE,1
个调税IncomeTax.账套名称,P2252.BILL_TEMPLATE_NAME,1
个调税IncomeTax.服务结束月,P2252.PAYMENT_END_MONTH,1
个调税IncomeTax.服务起始月,P2252.PAYMENT_START_MONTH,1
个调税IncomeTax.金额,P2252.SUM,1
服装费.账单结束月,P2253.BILL_END_MONTH,1
服装费.账单起始月,P2253.BILL_START_MONTH,1
服装费.账套编号,P2253.BILL_TEMPLATE_CODE,1
服装费.账套名称,P2253.BILL_TEMPLATE_NAME,1
服装费.服务结束月,P2253.PAYMENT_END_MONTH,1
服装费.服务起始月,P2253.PAYMENT_START_MONTH,1
服装费.金额,P2253.SUM,1
体检保障.账单结束月,P2254.BILL_END_MONTH,1
体检保障.账单起始月,P2254.BILL_START_MONTH,1
体检保障.账套编号,P2254.BILL_TEMPLATE_CODE,1
体检保障.账套名称,P2254.BILL_TEMPLATE_NAME,1
体检保障.服务结束月,P2254.PAYMENT_END_MONTH,1
体检保障.服务起始月,P2254.PAYMENT_START_MONTH,1
体检保障.金额,P2254.SUM,1
入职体检.账单结束月,P2255.BILL_END_MONTH,1
入职体检.账单起始月,P2255.BILL_START_MONTH,1
入职体检.账套编号,P2255.BILL_TEMPLATE_CODE,1
入职体检.账套名称,P2255.BILL_TEMPLATE_NAME,1
入职体检.服务结束月,P2255.PAYMENT_END_MONTH,1
入职体检.服务起始月,P2255.PAYMENT_START_MONTH,1
入职体检.金额,P2255.SUM,1
渠道费.账单结束月,P2256.BILL_END_MONTH,1
渠道费.账单起始月,P2256.BILL_START_MONTH,1
渠道费.账套编号,P2256.BILL_TEMPLATE_CODE,1
渠道费.账套名称,P2256.BILL_TEMPLATE_NAME,1
渠道费.服务结束月,P2256.PAYMENT_END_MONTH,1
渠道费.服务起始月,P2256.PAYMENT_START_MONTH,1
渠道费.金额,P2256.SUM,1
工资Salary.账单结束月,P2257.BILL_END_MONTH,1
工资Salary.账单起始月,P2257.BILL_START_MONTH,1
工资Salary.账套编号,P2257.BILL_TEMPLATE_CODE,1
工资Salary.账套名称,P2257.BILL_TEMPLATE_NAME,1
工资Salary.服务结束月,P2257.PAYMENT_END_MONTH,1
工资Salary.服务起始月,P2257.PAYMENT_START_MONTH,1
工资Salary.金额,P2257.SUM,1
工资服务费.账单结束月,P2258.BILL_END_MONTH,1
工资服务费.账单起始月,P2258.BILL_START_MONTH,1
工资服务费.账套编号,P2258.BILL_TEMPLATE_CODE,1
工资服务费.账套名称,P2258.BILL_TEMPLATE_NAME,1
工资服务费.服务结束月,P2258.PAYMENT_END_MONTH,1
工资服务费.服务起始月,P2258.PAYMENT_START_MONTH,1
工资服务费.金额,P2258.SUM,1
派遣服务费ServiceFee.账单结束月,P2259.BILL_END_MONTH,1
派遣服务费ServiceFee.账单起始月,P2259.BILL_START_MONTH,1
派遣服务费ServiceFee.账套编号,P2259.BILL_TEMPLATE_CODE,1
派遣服务费ServiceFee.账套名称,P2259.BILL_TEMPLATE_NAME,1
派遣服务费ServiceFee.服务结束月,P2259.PAYMENT_END_MONTH,1
派遣服务费ServiceFee.服务起始月,P2259.PAYMENT_START_MONTH,1
派遣服务费ServiceFee.金额,P2259.SUM,1
代理服务费ServiceFee.账单结束月,P2260.BILL_END_MONTH,1
代理服务费ServiceFee.账单起始月,P2260.BILL_START_MONTH,1
代理服务费ServiceFee.账套编号,P2260.BILL_TEMPLATE_CODE,1
代理服务费ServiceFee.账套名称,P2260.BILL_TEMPLATE_NAME,1
代理服务费ServiceFee.服务结束月,P2260.PAYMENT_END_MONTH,1
代理服务费ServiceFee.服务起始月,P2260.PAYMENT_START_MONTH,1
代理服务费ServiceFee.金额,P2260.SUM,1
意外险.账单结束月,P2261.BILL_END_MONTH,1
意外险.账单起始月,P2261.BILL_START_MONTH,1
意外险.账套编号,P2261.BILL_TEMPLATE_CODE,1
意外险.账套名称,P2261.BILL_TEMPLATE_NAME,1
意外险.服务结束月,P2261.PAYMENT_END_MONTH,1
意外险.服务起始月,P2261.PAYMENT_START_MONTH,1
意外险.金额,P2261.SUM,1
疾病身故.账单结束月,P2262.BILL_END_MONTH,1
疾病身故.账单起始月,P2262.BILL_START_MONTH,1
疾病身故.账套编号,P2262.BILL_TEMPLATE_CODE,1
疾病身故.账套名称,P2262.BILL_TEMPLATE_NAME,1
疾病身故.服务结束月,P2262.PAYMENT_END_MONTH,1
疾病身故.服务起始月,P2262.PAYMENT_START_MONTH,1
疾病身故.金额,P2262.SUM,1
意外医疗商保.账单结束月,P2263.BILL_END_MONTH,1
意外医疗商保.账单起始月,P2263.BILL_START_MONTH,1
意外医疗商保.账套编号,P2263.BILL_TEMPLATE_CODE,1
意外医疗商保.账套名称,P2263.BILL_TEMPLATE_NAME,1
意外医疗商保.服务结束月,P2263.PAYMENT_END_MONTH,1
意外医疗商保.服务起始月,P2263.PAYMENT_START_MONTH,1
意外医疗商保.金额,P2263.SUM,1
意外住院补贴.账单结束月,P2264.BILL_END_MONTH,1
意外住院补贴.账单起始月,P2264.BILL_START_MONTH,1
意外住院补贴.账套编号,P2264.BILL_TEMPLATE_CODE,1
意外住院补贴.账套名称,P2264.BILL_TEMPLATE_NAME,1
意外住院补贴.服务结束月,P2264.PAYMENT_END_MONTH,1
意外住院补贴.服务起始月,P2264.PAYMENT_START_MONTH,1
意外住院补贴.金额,P2264.SUM,1
门诊.账单结束月,P2265.BILL_END_MONTH,1
门诊.账单起始月,P2265.BILL_START_MONTH,1
门诊.账套编号,P2265.BILL_TEMPLATE_CODE,1
门诊.账套名称,P2265.BILL_TEMPLATE_NAME,1
门诊.服务结束月,P2265.PAYMENT_END_MONTH,1
门诊.服务起始月,P2265.PAYMENT_START_MONTH,1
门诊.金额,P2265.SUM,1
住院.账单结束月,P2266.BILL_END_MONTH,1
住院.账单起始月,P2266.BILL_START_MONTH,1
住院.账套编号,P2266.BILL_TEMPLATE_CODE,1
住院.账套名称,P2266.BILL_TEMPLATE_NAME,1
住院.服务结束月,P2266.PAYMENT_END_MONTH,1
住院.服务起始月,P2266.PAYMENT_START_MONTH,1
住院.金额,P2266.SUM,1
重大疾病.账单结束月,P2267.BILL_END_MONTH,1
重大疾病.账单起始月,P2267.BILL_START_MONTH,1
重大疾病.账套编号,P2267.BILL_TEMPLATE_CODE,1
重大疾病.账套名称,P2267.BILL_TEMPLATE_NAME,1
重大疾病.服务结束月,P2267.PAYMENT_END_MONTH,1
重大疾病.服务起始月,P2267.PAYMENT_START_MONTH,1
重大疾病.金额,P2267.SUM,1
附属子女保障.账单结束月,P2268.BILL_END_MONTH,1
附属子女保障.账单起始月,P2268.BILL_START_MONTH,1
附属子女保障.账套编号,P2268.BILL_TEMPLATE_CODE,1
附属子女保障.账套名称,P2268.BILL_TEMPLATE_NAME,1
附属子女保障.服务结束月,P2268.PAYMENT_END_MONTH,1
附属子女保障.服务起始月,P2268.PAYMENT_START_MONTH,1
附属子女保障.金额,P2268.SUM,1
住院补贴.账单结束月,P2269.BILL_END_MONTH,1
住院补贴.账单起始月,P2269.BILL_START_MONTH,1
住院补贴.账套编号,P2269.BILL_TEMPLATE_CODE,1
住院补贴.账套名称,P2269.BILL_TEMPLATE_NAME,1
住院补贴.服务结束月,P2269.PAYMENT_END_MONTH,1
住院补贴.服务起始月,P2269.PAYMENT_START_MONTH,1
住院补贴.金额,P2269.SUM,1
交通意外.账单结束月,P2270.BILL_END_MONTH,1
交通意外.账单起始月,P2270.BILL_START_MONTH,1
交通意外.账套编号,P2270.BILL_TEMPLATE_CODE,1
交通意外.账套名称,P2270.BILL_TEMPLATE_NAME,1
交通意外.服务结束月,P2270.PAYMENT_END_MONTH,1
交通意外.服务起始月,P2270.PAYMENT_START_MONTH,1
交通意外.金额,P2270.SUM,1
女性生育.账单结束月,P2271.BILL_END_MONTH,1
女性生育.账单起始月,P2271.BILL_START_MONTH,1
女性生育.账套编号,P2271.BILL_TEMPLATE_CODE,1
女性生育.账套名称,P2271.BILL_TEMPLATE_NAME,1
女性生育.服务结束月,P2271.PAYMENT_END_MONTH,1
女性生育.服务起始月,P2271.PAYMENT_START_MONTH,1
女性生育.金额,P2271.SUM,1
一次性收费.账单结束月,P2272.BILL_END_MONTH,1
一次性收费.账单起始月,P2272.BILL_START_MONTH,1
一次性收费.账套编号,P2272.BILL_TEMPLATE_CODE,1
一次性收费.账套名称,P2272.BILL_TEMPLATE_NAME,1
一次性收费.服务结束月,P2272.PAYMENT_END_MONTH,1
一次性收费.服务起始月,P2272.PAYMENT_START_MONTH,1
一次性收费.金额,P2272.SUM,1
代办签证.账单结束月,P2273.BILL_END_MONTH,1
代办签证.账单起始月,P2273.BILL_START_MONTH,1
代办签证.账套编号,P2273.BILL_TEMPLATE_CODE,1
代办签证.账套名称,P2273.BILL_TEMPLATE_NAME,1
代办签证.服务结束月,P2273.PAYMENT_END_MONTH,1
代办签证.服务起始月,P2273.PAYMENT_START_MONTH,1
代办签证.金额,P2273.SUM,1
招聘服务费.账单结束月,P2274.BILL_END_MONTH,1
招聘服务费.账单起始月,P2274.BILL_START_MONTH,1
招聘服务费.账套编号,P2274.BILL_TEMPLATE_CODE,1
招聘服务费.账套名称,P2274.BILL_TEMPLATE_NAME,1
招聘服务费.服务结束月,P2274.PAYMENT_END_MONTH,1
招聘服务费.服务起始月,P2274.PAYMENT_START_MONTH,1
招聘服务费.金额,P2274.SUM,1
人身意外.账单结束月,P2275.BILL_END_MONTH,1
人身意外.账单起始月,P2275.BILL_START_MONTH,1
人身意外.账套编号,P2275.BILL_TEMPLATE_CODE,1
人身意外.账套名称,P2275.BILL_TEMPLATE_NAME,1
人身意外.服务结束月,P2275.PAYMENT_END_MONTH,1
人身意外.服务起始月,P2275.PAYMENT_START_MONTH,1
人身意外.金额,P2275.SUM,1
意外医疗雇主险.账单结束月,P2276.BILL_END_MONTH,1
意外医疗雇主险.账单起始月,P2276.BILL_START_MONTH,1
意外医疗雇主险.账套编号,P2276.BILL_TEMPLATE_CODE,1
意外医疗雇主险.账套名称,P2276.BILL_TEMPLATE_NAME,1
意外医疗雇主险.服务结束月,P2276.PAYMENT_END_MONTH,1
意外医疗雇主险.服务起始月,P2276.PAYMENT_START_MONTH,1
意外医疗雇主险.金额,P2276.SUM,1
误工补助.账单结束月,P2277.BILL_END_MONTH,1
误工补助.账单起始月,P2277.BILL_START_MONTH,1
误工补助.账套编号,P2277.BILL_TEMPLATE_CODE,1
误工补助.账套名称,P2277.BILL_TEMPLATE_NAME,1
误工补助.服务结束月,P2277.PAYMENT_END_MONTH,1
误工补助.服务起始月,P2277.PAYMENT_START_MONTH,1
误工补助.金额,P2277.SUM,1
第三者责任.账单结束月,P2278.BILL_END_MONTH,1
第三者责任.账单起始月,P2278.BILL_START_MONTH,1
第三者责任.账套编号,P2278.BILL_TEMPLATE_CODE,1
第三者责任.账套名称,P2278.BILL_TEMPLATE_NAME,1
第三者责任.服务结束月,P2278.PAYMENT_END_MONTH,1
第三者责任.服务起始月,P2278.PAYMENT_START_MONTH,1
第三者责任.金额,P2278.SUM,1
诉讼费.账单结束月,P2279.BILL_END_MONTH,1
诉讼费.账单起始月,P2279.BILL_START_MONTH,1
诉讼费.账套编号,P2279.BILL_TEMPLATE_CODE,1
诉讼费.账套名称,P2279.BILL_TEMPLATE_NAME,1
诉讼费.服务结束月,P2279.PAYMENT_END_MONTH,1
诉讼费.服务起始月,P2279.PAYMENT_START_MONTH,1
诉讼费.金额,P2279.SUM,1
咨询费.账单结束月,P2280.BILL_END_MONTH,1
咨询费.账单起始月,P2280.BILL_START_MONTH,1
咨询费.账套编号,P2280.BILL_TEMPLATE_CODE,1
咨询费.账套名称,P2280.BILL_TEMPLATE_NAME,1
咨询费.服务结束月,P2280.PAYMENT_END_MONTH,1
咨询费.服务起始月,P2280.PAYMENT_START_MONTH,1
咨询费.金额,P2280.SUM,1
固定方案一.账单结束月,P2319.BILL_END_MONTH,1
固定方案一.账单起始月,P2319.BILL_START_MONTH,1
固定方案一.账套编号,P2319.BILL_TEMPLATE_CODE,1
固定方案一.账套名称,P2319.BILL_TEMPLATE_NAME,1
固定方案一.服务结束月,P2319.PAYMENT_END_MONTH,1
固定方案一.服务起始月,P2319.PAYMENT_START_MONTH,1
固定方案一.金额,P2319.SUM,1
艾蒲谷补充医疗保险.账单结束月,P2320.BILL_END_MONTH,1
艾蒲谷补充医疗保险.账单起始月,P2320.BILL_START_MONTH,1
艾蒲谷补充医疗保险.账套编号,P2320.BILL_TEMPLATE_CODE,1
艾蒲谷补充医疗保险.账套名称,P2320.BILL_TEMPLATE_NAME,1
艾蒲谷补充医疗保险.服务结束月,P2320.PAYMENT_END_MONTH,1
艾蒲谷补充医疗保险.服务起始月,P2320.PAYMENT_START_MONTH,1
艾蒲谷补充医疗保险.金额,P2320.SUM,1
耐特康赛网络技术（北京）有限公司男领导.账单结束月,P2364.BILL_END_MONTH,1
耐特康赛网络技术（北京）有限公司男领导.账单起始月,P2364.BILL_START_MONTH,1
耐特康赛网络技术（北京）有限公司男领导.账套编号,P2364.BILL_TEMPLATE_CODE,1
耐特康赛网络技术（北京）有限公司男领导.账套名称,P2364.BILL_TEMPLATE_NAME,1
耐特康赛网络技术（北京）有限公司男领导.服务结束月,P2364.PAYMENT_END_MONTH,1
耐特康赛网络技术（北京）有限公司男领导.服务起始月,P2364.PAYMENT_START_MONTH,1
耐特康赛网络技术（北京）有限公司男领导.金额,P2364.SUM,1
耐特康赛网络技术（北京）有限公司女领导.账单结束月,P2365.BILL_END_MONTH,1
耐特康赛网络技术（北京）有限公司女领导.账单起始月,P2365.BILL_START_MONTH,1
耐特康赛网络技术（北京）有限公司女领导.账套编号,P2365.BILL_TEMPLATE_CODE,1
耐特康赛网络技术（北京）有限公司女领导.账套名称,P2365.BILL_TEMPLATE_NAME,1
耐特康赛网络技术（北京）有限公司女领导.服务结束月,P2365.PAYMENT_END_MONTH,1
耐特康赛网络技术（北京）有限公司女领导.服务起始月,P2365.PAYMENT_START_MONTH,1
耐特康赛网络技术（北京）有限公司女领导.金额,P2365.SUM,1
耐特康赛网络技术（北京）有限公司男员工.账单结束月,P2366.BILL_END_MONTH,1
耐特康赛网络技术（北京）有限公司男员工.账单起始月,P2366.BILL_START_MONTH,1
耐特康赛网络技术（北京）有限公司男员工.账套编号,P2366.BILL_TEMPLATE_CODE,1
耐特康赛网络技术（北京）有限公司男员工.账套名称,P2366.BILL_TEMPLATE_NAME,1
耐特康赛网络技术（北京）有限公司男员工.服务结束月,P2366.PAYMENT_END_MONTH,1
耐特康赛网络技术（北京）有限公司男员工.服务起始月,P2366.PAYMENT_START_MONTH,1
耐特康赛网络技术（北京）有限公司男员工.金额,P2366.SUM,1
耐特康赛网络技术（北京）有限公司女未婚员工.账单结束月,P2367.BILL_END_MONTH,1
耐特康赛网络技术（北京）有限公司女未婚员工.账单起始月,P2367.BILL_START_MONTH,1
耐特康赛网络技术（北京）有限公司女未婚员工.账套编号,P2367.BILL_TEMPLATE_CODE,1
耐特康赛网络技术（北京）有限公司女未婚员工.账套名称,P2367.BILL_TEMPLATE_NAME,1
耐特康赛网络技术（北京）有限公司女未婚员工.服务结束月,P2367.PAYMENT_END_MONTH,1
耐特康赛网络技术（北京）有限公司女未婚员工.服务起始月,P2367.PAYMENT_START_MONTH,1
耐特康赛网络技术（北京）有限公司女未婚员工.金额,P2367.SUM,1
耐特康赛网络技术（北京）有限公司女已婚.账单结束月,P2368.BILL_END_MONTH,1
耐特康赛网络技术（北京）有限公司女已婚.账单起始月,P2368.BILL_START_MONTH,1
耐特康赛网络技术（北京）有限公司女已婚.账套编号,P2368.BILL_TEMPLATE_CODE,1
耐特康赛网络技术（北京）有限公司女已婚.账套名称,P2368.BILL_TEMPLATE_NAME,1
耐特康赛网络技术（北京）有限公司女已婚.服务结束月,P2368.PAYMENT_END_MONTH,1
耐特康赛网络技术（北京）有限公司女已婚.服务起始月,P2368.PAYMENT_START_MONTH,1
耐特康赛网络技术（北京）有限公司女已婚.金额,P2368.SUM,1
北京一次性残障金.账单结束月,P2375.BILL_END_MONTH,1
北京一次性残障金.账单起始月,P2375.BILL_START_MONTH,1
北京一次性残障金.账套编号,P2375.BILL_TEMPLATE_CODE,1
北京一次性残障金.账套名称,P2375.BILL_TEMPLATE_NAME,1
北京一次性残障金.服务结束月,P2375.PAYMENT_END_MONTH,1
北京一次性残障金.服务起始月,P2375.PAYMENT_START_MONTH,1
北京一次性残障金.金额,P2375.SUM,1
代收工资.账单结束月,P2376.BILL_END_MONTH,1
代收工资.账单起始月,P2376.BILL_START_MONTH,1
代收工资.账套编号,P2376.BILL_TEMPLATE_CODE,1
代收工资.账套名称,P2376.BILL_TEMPLATE_NAME,1
代收工资.服务结束月,P2376.PAYMENT_END_MONTH,1
代收工资.服务起始月,P2376.PAYMENT_START_MONTH,1
代收工资.金额,P2376.SUM,1
代缴个税.账单结束月,P2377.BILL_END_MONTH,1
代缴个税.账单起始月,P2377.BILL_START_MONTH,1
代缴个税.账套编号,P2377.BILL_TEMPLATE_CODE,1
代缴个税.账套名称,P2377.BILL_TEMPLATE_NAME,1
代缴个税.服务结束月,P2377.PAYMENT_END_MONTH,1
代缴个税.服务起始月,P2377.PAYMENT_START_MONTH,1
代缴个税.金额,P2377.SUM,1
广运国际物流424.账单结束月,P2378.BILL_END_MONTH,1
广运国际物流424.账单起始月,P2378.BILL_START_MONTH,1
广运国际物流424.账套编号,P2378.BILL_TEMPLATE_CODE,1
广运国际物流424.账套名称,P2378.BILL_TEMPLATE_NAME,1
广运国际物流424.服务结束月,P2378.PAYMENT_END_MONTH,1
广运国际物流424.服务起始月,P2378.PAYMENT_START_MONTH,1
广运国际物流424.金额,P2378.SUM,1
广运物流400.账单结束月,P2379.BILL_END_MONTH,1
广运物流400.账单起始月,P2379.BILL_START_MONTH,1
广运物流400.账套编号,P2379.BILL_TEMPLATE_CODE,1
广运物流400.账套名称,P2379.BILL_TEMPLATE_NAME,1
广运物流400.服务结束月,P2379.PAYMENT_END_MONTH,1
广运物流400.服务起始月,P2379.PAYMENT_START_MONTH,1
广运物流400.金额,P2379.SUM,1
广运物流456.账单结束月,P2380.BILL_END_MONTH,1
广运物流456.账单起始月,P2380.BILL_START_MONTH,1
广运物流456.账套编号,P2380.BILL_TEMPLATE_CODE,1
广运物流456.账套名称,P2380.BILL_TEMPLATE_NAME,1
广运物流456.服务结束月,P2380.PAYMENT_END_MONTH,1
广运物流456.服务起始月,P2380.PAYMENT_START_MONTH,1
广运物流456.金额,P2380.SUM,1
广运520.账单结束月,P2381.BILL_END_MONTH,1
广运520.账单起始月,P2381.BILL_START_MONTH,1
广运520.账套编号,P2381.BILL_TEMPLATE_CODE,1
广运520.账套名称,P2381.BILL_TEMPLATE_NAME,1
广运520.服务结束月,P2381.PAYMENT_END_MONTH,1
广运520.服务起始月,P2381.PAYMENT_START_MONTH,1
广运520.金额,P2381.SUM,1
广运物流504.账单结束月,P2382.BILL_END_MONTH,1
广运物流504.账单起始月,P2382.BILL_START_MONTH,1
广运物流504.账套编号,P2382.BILL_TEMPLATE_CODE,1
广运物流504.账套名称,P2382.BILL_TEMPLATE_NAME,1
广运物流504.服务结束月,P2382.PAYMENT_END_MONTH,1
广运物流504.服务起始月,P2382.PAYMENT_START_MONTH,1
广运物流504.金额,P2382.SUM,1
广运物流600.账单结束月,P2383.BILL_END_MONTH,1
广运物流600.账单起始月,P2383.BILL_START_MONTH,1
广运物流600.账套编号,P2383.BILL_TEMPLATE_CODE,1
广运物流600.账套名称,P2383.BILL_TEMPLATE_NAME,1
广运物流600.服务结束月,P2383.PAYMENT_END_MONTH,1
广运物流600.服务起始月,P2383.PAYMENT_START_MONTH,1
广运物流600.金额,P2383.SUM,1
艾蒲谷商保.账单结束月,P2386.BILL_END_MONTH,1
艾蒲谷商保.账单起始月,P2386.BILL_START_MONTH,1
艾蒲谷商保.账套编号,P2386.BILL_TEMPLATE_CODE,1
艾蒲谷商保.账套名称,P2386.BILL_TEMPLATE_NAME,1
艾蒲谷商保.服务结束月,P2386.PAYMENT_END_MONTH,1
艾蒲谷商保.服务起始月,P2386.PAYMENT_START_MONTH,1
艾蒲谷商保.金额,P2386.SUM,1
一次性代发工资服务费.账单结束月,P2463.BILL_END_MONTH,1
一次性代发工资服务费.账单起始月,P2463.BILL_START_MONTH,1
一次性代发工资服务费.账套编号,P2463.BILL_TEMPLATE_CODE,1
一次性代发工资服务费.账套名称,P2463.BILL_TEMPLATE_NAME,1
一次性代发工资服务费.服务结束月,P2463.PAYMENT_END_MONTH,1
一次性代发工资服务费.服务起始月,P2463.PAYMENT_START_MONTH,1
一次性代发工资服务费.金额,P2463.SUM,1
艾蒲谷补医保含子女.账单结束月,P2477.BILL_END_MONTH,1
艾蒲谷补医保含子女.账单起始月,P2477.BILL_START_MONTH,1
艾蒲谷补医保含子女.账套编号,P2477.BILL_TEMPLATE_CODE,1
艾蒲谷补医保含子女.账套名称,P2477.BILL_TEMPLATE_NAME,1
艾蒲谷补医保含子女.服务结束月,P2477.PAYMENT_END_MONTH,1
艾蒲谷补医保含子女.服务起始月,P2477.PAYMENT_START_MONTH,1
艾蒲谷补医保含子女.金额,P2477.SUM,1
奥德精益补医保月缴.账单结束月,P2478.BILL_END_MONTH,1
奥德精益补医保月缴.账单起始月,P2478.BILL_START_MONTH,1
奥德精益补医保月缴.账套编号,P2478.BILL_TEMPLATE_CODE,1
奥德精益补医保月缴.账套名称,P2478.BILL_TEMPLATE_NAME,1
奥德精益补医保月缴.服务结束月,P2478.PAYMENT_END_MONTH,1
奥德精益补医保月缴.服务起始月,P2478.PAYMENT_START_MONTH,1
奥德精益补医保月缴.金额,P2478.SUM,1
奥德精益补医保月缴含子女.账单结束月,P2479.BILL_END_MONTH,1
奥德精益补医保月缴含子女.账单起始月,P2479.BILL_START_MONTH,1
奥德精益补医保月缴含子女.账套编号,P2479.BILL_TEMPLATE_CODE,1
奥德精益补医保月缴含子女.账套名称,P2479.BILL_TEMPLATE_NAME,1
奥德精益补医保月缴含子女.服务结束月,P2479.PAYMENT_END_MONTH,1
奥德精益补医保月缴含子女.服务起始月,P2479.PAYMENT_START_MONTH,1
奥德精益补医保月缴含子女.金额,P2479.SUM,1
奥德精益补医保2.5月.账单结束月,P2480.BILL_END_MONTH,1
奥德精益补医保2.5月.账单起始月,P2480.BILL_START_MONTH,1
奥德精益补医保2.5月.账套编号,P2480.BILL_TEMPLATE_CODE,1
奥德精益补医保2.5月.账套名称,P2480.BILL_TEMPLATE_NAME,1
奥德精益补医保2.5月.服务结束月,P2480.PAYMENT_END_MONTH,1
奥德精益补医保2.5月.服务起始月,P2480.PAYMENT_START_MONTH,1
奥德精益补医保2.5月.金额,P2480.SUM,1
奥德精益含子女2.5月.账单结束月,P2481.BILL_END_MONTH,1
奥德精益含子女2.5月.账单起始月,P2481.BILL_START_MONTH,1
奥德精益含子女2.5月.账套编号,P2481.BILL_TEMPLATE_CODE,1
奥德精益含子女2.5月.账套名称,P2481.BILL_TEMPLATE_NAME,1
奥德精益含子女2.5月.服务结束月,P2481.PAYMENT_END_MONTH,1
奥德精益含子女2.5月.服务起始月,P2481.PAYMENT_START_MONTH,1
奥德精益含子女2.5月.金额,P2481.SUM,1
常州水木数字信息技术补医保.账单结束月,P2482.BILL_END_MONTH,1
常州水木数字信息技术补医保.账单起始月,P2482.BILL_START_MONTH,1
常州水木数字信息技术补医保.账套编号,P2482.BILL_TEMPLATE_CODE,1
常州水木数字信息技术补医保.账套名称,P2482.BILL_TEMPLATE_NAME,1
常州水木数字信息技术补医保.服务结束月,P2482.PAYMENT_END_MONTH,1
常州水木数字信息技术补医保.服务起始月,P2482.PAYMENT_START_MONTH,1
常州水木数字信息技术补医保.金额,P2482.SUM,1
常州水木数字信息技术补医保含子女.账单结束月,P2483.BILL_END_MONTH,1
常州水木数字信息技术补医保含子女.账单起始月,P2483.BILL_START_MONTH,1
常州水木数字信息技术补医保含子女.账套编号,P2483.BILL_TEMPLATE_CODE,1
常州水木数字信息技术补医保含子女.账套名称,P2483.BILL_TEMPLATE_NAME,1
常州水木数字信息技术补医保含子女.服务结束月,P2483.PAYMENT_END_MONTH,1
常州水木数字信息技术补医保含子女.服务起始月,P2483.PAYMENT_START_MONTH,1
常州水木数字信息技术补医保含子女.金额,P2483.SUM,1
福利.账单结束月,P2495.BILL_END_MONTH,1
福利.账单起始月,P2495.BILL_START_MONTH,1
福利.账套编号,P2495.BILL_TEMPLATE_CODE,1
福利.账套名称,P2495.BILL_TEMPLATE_NAME,1
福利.服务结束月,P2495.PAYMENT_END_MONTH,1
福利.服务起始月,P2495.PAYMENT_START_MONTH,1
福利.金额,P2495.SUM,1
万国组1-劳务费103+代理42+福利66.账单结束月,P2496.BILL_END_MONTH,1
万国组1-劳务费103+代理42+福利66.账单起始月,P2496.BILL_START_MONTH,1
万国组1-劳务费103+代理42+福利66.账套编号,P2496.BILL_TEMPLATE_CODE,1
万国组1-劳务费103+代理42+福利66.账套名称,P2496.BILL_TEMPLATE_NAME,1
万国组1-劳务费103+代理42+福利66.服务结束月,P2496.PAYMENT_END_MONTH,1
万国组1-劳务费103+代理42+福利66.服务起始月,P2496.PAYMENT_START_MONTH,1
万国组1-劳务费103+代理42+福利66.金额,P2496.SUM,1
万国组2-劳务费103+派遣70+福利66.账单结束月,P2497.BILL_END_MONTH,1
万国组2-劳务费103+派遣70+福利66.账单起始月,P2497.BILL_START_MONTH,1
万国组2-劳务费103+派遣70+福利66.账套编号,P2497.BILL_TEMPLATE_CODE,1
万国组2-劳务费103+派遣70+福利66.账套名称,P2497.BILL_TEMPLATE_NAME,1
万国组2-劳务费103+派遣70+福利66.服务结束月,P2497.PAYMENT_END_MONTH,1
万国组2-劳务费103+派遣70+福利66.服务起始月,P2497.PAYMENT_START_MONTH,1
万国组2-劳务费103+派遣70+福利66.金额,P2497.SUM,1
万国组3-劳务费103+福利66.账单结束月,P2498.BILL_END_MONTH,1
万国组3-劳务费103+福利66.账单起始月,P2498.BILL_START_MONTH,1
万国组3-劳务费103+福利66.账套编号,P2498.BILL_TEMPLATE_CODE,1
万国组3-劳务费103+福利66.账套名称,P2498.BILL_TEMPLATE_NAME,1
万国组3-劳务费103+福利66.服务结束月,P2498.PAYMENT_END_MONTH,1
万国组3-劳务费103+福利66.服务起始月,P2498.PAYMENT_START_MONTH,1
万国组3-劳务费103+福利66.金额,P2498.SUM,1
摩肯施液压控制技术（上海）有限公司 含子女.账单结束月,P2507.BILL_END_MONTH,1
摩肯施液压控制技术（上海）有限公司 含子女.账单起始月,P2507.BILL_START_MONTH,1
摩肯施液压控制技术（上海）有限公司 含子女.账套编号,P2507.BILL_TEMPLATE_CODE,1
摩肯施液压控制技术（上海）有限公司 含子女.账套名称,P2507.BILL_TEMPLATE_NAME,1
摩肯施液压控制技术（上海）有限公司 含子女.服务结束月,P2507.PAYMENT_END_MONTH,1
摩肯施液压控制技术（上海）有限公司 含子女.服务起始月,P2507.PAYMENT_START_MONTH,1
摩肯施液压控制技术（上海）有限公司 含子女.金额,P2507.SUM,1
摩肯施液压控制技术（上海）有限公司 .账单结束月,P2508.BILL_END_MONTH,1
摩肯施液压控制技术（上海）有限公司 .账单起始月,P2508.BILL_START_MONTH,1
摩肯施液压控制技术（上海）有限公司 .账套编号,P2508.BILL_TEMPLATE_CODE,1
摩肯施液压控制技术（上海）有限公司 .账套名称,P2508.BILL_TEMPLATE_NAME,1
摩肯施液压控制技术（上海）有限公司 .服务结束月,P2508.PAYMENT_END_MONTH,1
摩肯施液压控制技术（上海）有限公司 .服务起始月,P2508.PAYMENT_START_MONTH,1
摩肯施液压控制技术（上海）有限公司 .金额,P2508.SUM,1
施特伟科技（上海）有限公司.账单结束月,P2509.BILL_END_MONTH,1
施特伟科技（上海）有限公司.账单起始月,P2509.BILL_START_MONTH,1
施特伟科技（上海）有限公司.账套编号,P2509.BILL_TEMPLATE_CODE,1
施特伟科技（上海）有限公司.账套名称,P2509.BILL_TEMPLATE_NAME,1
施特伟科技（上海）有限公司.服务结束月,P2509.PAYMENT_END_MONTH,1
施特伟科技（上海）有限公司.服务起始月,P2509.PAYMENT_START_MONTH,1
施特伟科技（上海）有限公司.金额,P2509.SUM,1
上海天玑科技股份有限公司 正式员工管理层.账单结束月,P2510.BILL_END_MONTH,1
上海天玑科技股份有限公司 正式员工管理层.账单起始月,P2510.BILL_START_MONTH,1
上海天玑科技股份有限公司 正式员工管理层.账套编号,P2510.BILL_TEMPLATE_CODE,1
上海天玑科技股份有限公司 正式员工管理层.账套名称,P2510.BILL_TEMPLATE_NAME,1
上海天玑科技股份有限公司 正式员工管理层.服务结束月,P2510.PAYMENT_END_MONTH,1
上海天玑科技股份有限公司 正式员工管理层.服务起始月,P2510.PAYMENT_START_MONTH,1
上海天玑科技股份有限公司 正式员工管理层.金额,P2510.SUM,1
上海天玑科技股份有限公司 正式员工管理层 含子女.账单结束月,P2511.BILL_END_MONTH,1
上海天玑科技股份有限公司 正式员工管理层 含子女.账单起始月,P2511.BILL_START_MONTH,1
上海天玑科技股份有限公司 正式员工管理层 含子女.账套编号,P2511.BILL_TEMPLATE_CODE,1
上海天玑科技股份有限公司 正式员工管理层 含子女.账套名称,P2511.BILL_TEMPLATE_NAME,1
上海天玑科技股份有限公司 正式员工管理层 含子女.服务结束月,P2511.PAYMENT_END_MONTH,1
上海天玑科技股份有限公司 正式员工管理层 含子女.服务起始月,P2511.PAYMENT_START_MONTH,1
上海天玑科技股份有限公司 正式员工管理层 含子女.金额,P2511.SUM,1
上海天玑科技股份有限公司 正式员工管理层 含2个子女.账单结束月,P2512.BILL_END_MONTH,1
上海天玑科技股份有限公司 正式员工管理层 含2个子女.账单起始月,P2512.BILL_START_MONTH,1
上海天玑科技股份有限公司 正式员工管理层 含2个子女.账套编号,P2512.BILL_TEMPLATE_CODE,1
上海天玑科技股份有限公司 正式员工管理层 含2个子女.账套名称,P2512.BILL_TEMPLATE_NAME,1
上海天玑科技股份有限公司 正式员工管理层 含2个子女.服务结束月,P2512.PAYMENT_END_MONTH,1
上海天玑科技股份有限公司 正式员工管理层 含2个子女.服务起始月,P2512.PAYMENT_START_MONTH,1
上海天玑科技股份有限公司 正式员工管理层 含2个子女.金额,P2512.SUM,1
附加第二子女医疗.账单结束月,P2513.BILL_END_MONTH,1
附加第二子女医疗.账单起始月,P2513.BILL_START_MONTH,1
附加第二子女医疗.账套编号,P2513.BILL_TEMPLATE_CODE,1
附加第二子女医疗.账套名称,P2513.BILL_TEMPLATE_NAME,1
附加第二子女医疗.服务结束月,P2513.PAYMENT_END_MONTH,1
附加第二子女医疗.服务起始月,P2513.PAYMENT_START_MONTH,1
附加第二子女医疗.金额,P2513.SUM,1
附加第三子女（仅限天玑）.账单结束月,P2514.BILL_END_MONTH,1
附加第三子女（仅限天玑）.账单起始月,P2514.BILL_START_MONTH,1
附加第三子女（仅限天玑）.账套编号,P2514.BILL_TEMPLATE_CODE,1
附加第三子女（仅限天玑）.账套名称,P2514.BILL_TEMPLATE_NAME,1
附加第三子女（仅限天玑）.服务结束月,P2514.PAYMENT_END_MONTH,1
附加第三子女（仅限天玑）.服务起始月,P2514.PAYMENT_START_MONTH,1
附加第三子女（仅限天玑）.金额,P2514.SUM,1
上海天玑科技股份有限公司 正式员工管理层 含3个子女.账单结束月,P2515.BILL_END_MONTH,1
上海天玑科技股份有限公司 正式员工管理层 含3个子女.账单起始月,P2515.BILL_START_MONTH,1
上海天玑科技股份有限公司 正式员工管理层 含3个子女.账套编号,P2515.BILL_TEMPLATE_CODE,1
上海天玑科技股份有限公司 正式员工管理层 含3个子女.账套名称,P2515.BILL_TEMPLATE_NAME,1
上海天玑科技股份有限公司 正式员工管理层 含3个子女.服务结束月,P2515.PAYMENT_END_MONTH,1
上海天玑科技股份有限公司 正式员工管理层 含3个子女.服务起始月,P2515.PAYMENT_START_MONTH,1
上海天玑科技股份有限公司 正式员工管理层 含3个子女.金额,P2515.SUM,1
上海天玑科技股份有限公司 派遣普通员工.账单结束月,P2516.BILL_END_MONTH,1
上海天玑科技股份有限公司 派遣普通员工.账单起始月,P2516.BILL_START_MONTH,1
上海天玑科技股份有限公司 派遣普通员工.账套编号,P2516.BILL_TEMPLATE_CODE,1
上海天玑科技股份有限公司 派遣普通员工.账套名称,P2516.BILL_TEMPLATE_NAME,1
上海天玑科技股份有限公司 派遣普通员工.服务结束月,P2516.PAYMENT_END_MONTH,1
上海天玑科技股份有限公司 派遣普通员工.服务起始月,P2516.PAYMENT_START_MONTH,1
上海天玑科技股份有限公司 派遣普通员工.金额,P2516.SUM,1
上海天玑科技股份有限公司 派遣普通员工 含子女.账单结束月,P2517.BILL_END_MONTH,1
上海天玑科技股份有限公司 派遣普通员工 含子女.账单起始月,P2517.BILL_START_MONTH,1
上海天玑科技股份有限公司 派遣普通员工 含子女.账套编号,P2517.BILL_TEMPLATE_CODE,1
上海天玑科技股份有限公司 派遣普通员工 含子女.账套名称,P2517.BILL_TEMPLATE_NAME,1
上海天玑科技股份有限公司 派遣普通员工 含子女.服务结束月,P2517.PAYMENT_END_MONTH,1
上海天玑科技股份有限公司 派遣普通员工 含子女.服务起始月,P2517.PAYMENT_START_MONTH,1
上海天玑科技股份有限公司 派遣普通员工 含子女.金额,P2517.SUM,1
北京华胜鸣天科技有限公司补医保.账单结束月,P2519.BILL_END_MONTH,1
北京华胜鸣天科技有限公司补医保.账单起始月,P2519.BILL_START_MONTH,1
北京华胜鸣天科技有限公司补医保.账套编号,P2519.BILL_TEMPLATE_CODE,1
北京华胜鸣天科技有限公司补医保.账套名称,P2519.BILL_TEMPLATE_NAME,1
北京华胜鸣天科技有限公司补医保.服务结束月,P2519.PAYMENT_END_MONTH,1
北京华胜鸣天科技有限公司补医保.服务起始月,P2519.PAYMENT_START_MONTH,1
北京华胜鸣天科技有限公司补医保.金额,P2519.SUM,1
服务费ServiceFee.账单结束月,P252.BILL_END_MONTH,1
服务费ServiceFee.账单起始月,P252.BILL_START_MONTH,1
服务费ServiceFee.账套编号,P252.BILL_TEMPLATE_CODE,1
服务费ServiceFee.账套名称,P252.BILL_TEMPLATE_NAME,1
服务费ServiceFee.服务结束月,P252.PAYMENT_END_MONTH,1
服务费ServiceFee.服务起始月,P252.PAYMENT_START_MONTH,1
服务费ServiceFee.金额,P252.SUM,1
北京华胜鸣天科技有限公司补医保子女.账单结束月,P2520.BILL_END_MONTH,1
北京华胜鸣天科技有限公司补医保子女.账单起始月,P2520.BILL_START_MONTH,1
北京华胜鸣天科技有限公司补医保子女.账套编号,P2520.BILL_TEMPLATE_CODE,1
北京华胜鸣天科技有限公司补医保子女.账套名称,P2520.BILL_TEMPLATE_NAME,1
北京华胜鸣天科技有限公司补医保子女.服务结束月,P2520.PAYMENT_END_MONTH,1
北京华胜鸣天科技有限公司补医保子女.服务起始月,P2520.PAYMENT_START_MONTH,1
北京华胜鸣天科技有限公司补医保子女.金额,P2520.SUM,1
上海积旭劳务派遣有限公司.账单结束月,P2527.BILL_END_MONTH,1
上海积旭劳务派遣有限公司.账单起始月,P2527.BILL_START_MONTH,1
上海积旭劳务派遣有限公司.账套编号,P2527.BILL_TEMPLATE_CODE,1
上海积旭劳务派遣有限公司.账套名称,P2527.BILL_TEMPLATE_NAME,1
上海积旭劳务派遣有限公司.服务结束月,P2527.PAYMENT_END_MONTH,1
上海积旭劳务派遣有限公司.服务起始月,P2527.PAYMENT_START_MONTH,1
上海积旭劳务派遣有限公司.金额,P2527.SUM,1
宾博萨营养食品（上海）有限公司.账单结束月,P2572.BILL_END_MONTH,1
宾博萨营养食品（上海）有限公司.账单起始月,P2572.BILL_START_MONTH,1
宾博萨营养食品（上海）有限公司.账套编号,P2572.BILL_TEMPLATE_CODE,1
宾博萨营养食品（上海）有限公司.账套名称,P2572.BILL_TEMPLATE_NAME,1
宾博萨营养食品（上海）有限公司.服务结束月,P2572.PAYMENT_END_MONTH,1
宾博萨营养食品（上海）有限公司.服务起始月,P2572.PAYMENT_START_MONTH,1
宾博萨营养食品（上海）有限公司.金额,P2572.SUM,1
宾博萨营养食品（上海）有限公司（月付）.账单结束月,P2573.BILL_END_MONTH,1
宾博萨营养食品（上海）有限公司（月付）.账单起始月,P2573.BILL_START_MONTH,1
宾博萨营养食品（上海）有限公司（月付）.账套编号,P2573.BILL_TEMPLATE_CODE,1
宾博萨营养食品（上海）有限公司（月付）.账套名称,P2573.BILL_TEMPLATE_NAME,1
宾博萨营养食品（上海）有限公司（月付）.服务结束月,P2573.PAYMENT_END_MONTH,1
宾博萨营养食品（上海）有限公司（月付）.服务起始月,P2573.PAYMENT_START_MONTH,1
宾博萨营养食品（上海）有限公司（月付）.金额,P2573.SUM,1
上海顶甄食品有限公司女.账单结束月,P2591.BILL_END_MONTH,1
上海顶甄食品有限公司女.账单起始月,P2591.BILL_START_MONTH,1
上海顶甄食品有限公司女.账套编号,P2591.BILL_TEMPLATE_CODE,1
上海顶甄食品有限公司女.账套名称,P2591.BILL_TEMPLATE_NAME,1
上海顶甄食品有限公司女.服务结束月,P2591.PAYMENT_END_MONTH,1
上海顶甄食品有限公司女.服务起始月,P2591.PAYMENT_START_MONTH,1
上海顶甄食品有限公司女.金额,P2591.SUM,1
上海丽婴房婴童用品有限公司雇主险.账单结束月,P2592.BILL_END_MONTH,1
上海丽婴房婴童用品有限公司雇主险.账单起始月,P2592.BILL_START_MONTH,1
上海丽婴房婴童用品有限公司雇主险.账套编号,P2592.BILL_TEMPLATE_CODE,1
上海丽婴房婴童用品有限公司雇主险.账套名称,P2592.BILL_TEMPLATE_NAME,1
上海丽婴房婴童用品有限公司雇主险.服务结束月,P2592.PAYMENT_END_MONTH,1
上海丽婴房婴童用品有限公司雇主险.服务起始月,P2592.PAYMENT_START_MONTH,1
上海丽婴房婴童用品有限公司雇主险.金额,P2592.SUM,1
外包服务费.账单结束月,P300.BILL_END_MONTH,1
外包服务费.账单起始月,P300.BILL_START_MONTH,1
外包服务费.账套编号,P300.BILL_TEMPLATE_CODE,1
外包服务费.账套名称,P300.BILL_TEMPLATE_NAME,1
外包服务费.服务结束月,P300.PAYMENT_END_MONTH,1
外包服务费.服务起始月,P300.PAYMENT_START_MONTH,1
外包服务费.金额,P300.SUM,1
瑰华软件上海有限公司.账单结束月,P4697.BILL_END_MONTH,1
瑰华软件上海有限公司.账单起始月,P4697.BILL_START_MONTH,1
瑰华软件上海有限公司.账套编号,P4697.BILL_TEMPLATE_CODE,1
瑰华软件上海有限公司.账套名称,P4697.BILL_TEMPLATE_NAME,1
瑰华软件上海有限公司.服务结束月,P4697.PAYMENT_END_MONTH,1
瑰华软件上海有限公司.服务起始月,P4697.PAYMENT_START_MONTH,1
瑰华软件上海有限公司.金额,P4697.SUM,1
上海昱擎文化传播有限公司2个月.账单结束月,P4698.BILL_END_MONTH,1
上海昱擎文化传播有限公司2个月.账单起始月,P4698.BILL_START_MONTH,1
上海昱擎文化传播有限公司2个月.账套编号,P4698.BILL_TEMPLATE_CODE,1
上海昱擎文化传播有限公司2个月.账套名称,P4698.BILL_TEMPLATE_NAME,1
上海昱擎文化传播有限公司2个月.服务结束月,P4698.PAYMENT_END_MONTH,1
上海昱擎文化传播有限公司2个月.服务起始月,P4698.PAYMENT_START_MONTH,1
上海昱擎文化传播有限公司2个月.金额,P4698.SUM,1
上海汉略环境科技有限公司 补医保.账单结束月,P4701.BILL_END_MONTH,1
上海汉略环境科技有限公司 补医保.账单起始月,P4701.BILL_START_MONTH,1
上海汉略环境科技有限公司 补医保.账套编号,P4701.BILL_TEMPLATE_CODE,1
上海汉略环境科技有限公司 补医保.账套名称,P4701.BILL_TEMPLATE_NAME,1
上海汉略环境科技有限公司 补医保.服务结束月,P4701.PAYMENT_END_MONTH,1
上海汉略环境科技有限公司 补医保.服务起始月,P4701.PAYMENT_START_MONTH,1
上海汉略环境科技有限公司 补医保.金额,P4701.SUM,1
年度体检.账单结束月,P4702.BILL_END_MONTH,1
年度体检.账单起始月,P4702.BILL_START_MONTH,1
年度体检.账套编号,P4702.BILL_TEMPLATE_CODE,1
年度体检.账套名称,P4702.BILL_TEMPLATE_NAME,1
年度体检.服务结束月,P4702.PAYMENT_END_MONTH,1
年度体检.服务起始月,P4702.PAYMENT_START_MONTH,1
年度体检.金额,P4702.SUM,1
嘉凯城集团（上海）有限公司 年度体检.账单结束月,P4703.BILL_END_MONTH,1
嘉凯城集团（上海）有限公司 年度体检.账单起始月,P4703.BILL_START_MONTH,1
嘉凯城集团（上海）有限公司 年度体检.账套编号,P4703.BILL_TEMPLATE_CODE,1
嘉凯城集团（上海）有限公司 年度体检.账套名称,P4703.BILL_TEMPLATE_NAME,1
嘉凯城集团（上海）有限公司 年度体检.服务结束月,P4703.PAYMENT_END_MONTH,1
嘉凯城集团（上海）有限公司 年度体检.服务起始月,P4703.PAYMENT_START_MONTH,1
嘉凯城集团（上海）有限公司 年度体检.金额,P4703.SUM,1
北京华胜鸣天科技有限公司-700.账单结束月,P4704.BILL_END_MONTH,1
北京华胜鸣天科技有限公司-700.账单起始月,P4704.BILL_START_MONTH,1
北京华胜鸣天科技有限公司-700.账套编号,P4704.BILL_TEMPLATE_CODE,1
北京华胜鸣天科技有限公司-700.账套名称,P4704.BILL_TEMPLATE_NAME,1
北京华胜鸣天科技有限公司-700.服务结束月,P4704.PAYMENT_END_MONTH,1
北京华胜鸣天科技有限公司-700.服务起始月,P4704.PAYMENT_START_MONTH,1
北京华胜鸣天科技有限公司-700.金额,P4704.SUM,1
上海天玑科技股份有限公司  退休返聘员工.账单结束月,P4705.BILL_END_MONTH,1
上海天玑科技股份有限公司  退休返聘员工.账单起始月,P4705.BILL_START_MONTH,1
上海天玑科技股份有限公司  退休返聘员工.账套编号,P4705.BILL_TEMPLATE_CODE,1
上海天玑科技股份有限公司  退休返聘员工.账套名称,P4705.BILL_TEMPLATE_NAME,1
上海天玑科技股份有限公司  退休返聘员工.服务结束月,P4705.PAYMENT_END_MONTH,1
上海天玑科技股份有限公司  退休返聘员工.服务起始月,P4705.PAYMENT_START_MONTH,1
上海天玑科技股份有限公司  退休返聘员工.金额,P4705.SUM,1
北京广源永盛人力资源管理咨询有限公司.账单结束月,P4725.BILL_END_MONTH,1
北京广源永盛人力资源管理咨询有限公司.账单起始月,P4725.BILL_START_MONTH,1
北京广源永盛人力资源管理咨询有限公司.账套编号,P4725.BILL_TEMPLATE_CODE,1
北京广源永盛人力资源管理咨询有限公司.账套名称,P4725.BILL_TEMPLATE_NAME,1
北京广源永盛人力资源管理咨询有限公司.服务结束月,P4725.PAYMENT_END_MONTH,1
北京广源永盛人力资源管理咨询有限公司.服务起始月,P4725.PAYMENT_START_MONTH,1
北京广源永盛人力资源管理咨询有限公司.金额,P4725.SUM,1
华软投资（上海）有限公司.账单结束月,P4727.BILL_END_MONTH,1
华软投资（上海）有限公司.账单起始月,P4727.BILL_START_MONTH,1
华软投资（上海）有限公司.账套编号,P4727.BILL_TEMPLATE_CODE,1
华软投资（上海）有限公司.账套名称,P4727.BILL_TEMPLATE_NAME,1
华软投资（上海）有限公司.服务结束月,P4727.PAYMENT_END_MONTH,1
华软投资（上海）有限公司.服务起始月,P4727.PAYMENT_START_MONTH,1
华软投资（上海）有限公司.金额,P4727.SUM,1
商保-华软.账单结束月,P4728.BILL_END_MONTH,1
商保-华软.账单起始月,P4728.BILL_START_MONTH,1
商保-华软.账套编号,P4728.BILL_TEMPLATE_CODE,1
商保-华软.账套名称,P4728.BILL_TEMPLATE_NAME,1
商保-华软.服务结束月,P4728.PAYMENT_END_MONTH,1
商保-华软.服务起始月,P4728.PAYMENT_START_MONTH,1
商保-华软.金额,P4728.SUM,1
北京晋祺.账单结束月,P4729.BILL_END_MONTH,1
北京晋祺.账单起始月,P4729.BILL_START_MONTH,1
北京晋祺.账套编号,P4729.BILL_TEMPLATE_CODE,1
北京晋祺.账套名称,P4729.BILL_TEMPLATE_NAME,1
北京晋祺.服务结束月,P4729.PAYMENT_END_MONTH,1
北京晋祺.服务起始月,P4729.PAYMENT_START_MONTH,1
北京晋祺.金额,P4729.SUM,1
雪莲补医保-有医保.账单结束月,P5287.BILL_END_MONTH,1
雪莲补医保-有医保.账单起始月,P5287.BILL_START_MONTH,1
雪莲补医保-有医保.账套编号,P5287.BILL_TEMPLATE_CODE,1
雪莲补医保-有医保.账套名称,P5287.BILL_TEMPLATE_NAME,1
雪莲补医保-有医保.服务结束月,P5287.PAYMENT_END_MONTH,1
雪莲补医保-有医保.服务起始月,P5287.PAYMENT_START_MONTH,1
雪莲补医保-有医保.金额,P5287.SUM,1
雪莲商保-无医保.账单结束月,P5288.BILL_END_MONTH,1
雪莲商保-无医保.账单起始月,P5288.BILL_START_MONTH,1
雪莲商保-无医保.账套编号,P5288.BILL_TEMPLATE_CODE,1
雪莲商保-无医保.账套名称,P5288.BILL_TEMPLATE_NAME,1
雪莲商保-无医保.服务结束月,P5288.PAYMENT_END_MONTH,1
雪莲商保-无医保.服务起始月,P5288.PAYMENT_START_MONTH,1
雪莲商保-无医保.金额,P5288.SUM,1
子女险.账单结束月,P5322.BILL_END_MONTH,1
子女险.账单起始月,P5322.BILL_START_MONTH,1
子女险.账套编号,P5322.BILL_TEMPLATE_CODE,1
子女险.账套名称,P5322.BILL_TEMPLATE_NAME,1
子女险.服务结束月,P5322.PAYMENT_END_MONTH,1
子女险.服务起始月,P5322.PAYMENT_START_MONTH,1
子女险.金额,P5322.SUM,1
家财险.账单结束月,P5323.BILL_END_MONTH,1
家财险.账单起始月,P5323.BILL_START_MONTH,1
家财险.账套编号,P5323.BILL_TEMPLATE_CODE,1
家财险.账套名称,P5323.BILL_TEMPLATE_NAME,1
家财险.服务结束月,P5323.PAYMENT_END_MONTH,1
家财险.服务起始月,P5323.PAYMENT_START_MONTH,1
家财险.金额,P5323.SUM,1
天玑商保-27元.账单结束月,P5346.BILL_END_MONTH,1
天玑商保-27元.账单起始月,P5346.BILL_START_MONTH,1
天玑商保-27元.账套编号,P5346.BILL_TEMPLATE_CODE,1
天玑商保-27元.账套名称,P5346.BILL_TEMPLATE_NAME,1
天玑商保-27元.服务结束月,P5346.PAYMENT_END_MONTH,1
天玑商保-27元.服务起始月,P5346.PAYMENT_START_MONTH,1
天玑商保-27元.金额,P5346.SUM,1
伊莫科商保-210元.账单结束月,P5347.BILL_END_MONTH,1
伊莫科商保-210元.账单起始月,P5347.BILL_START_MONTH,1
伊莫科商保-210元.账套编号,P5347.BILL_TEMPLATE_CODE,1
伊莫科商保-210元.账套名称,P5347.BILL_TEMPLATE_NAME,1
伊莫科商保-210元.服务结束月,P5347.PAYMENT_END_MONTH,1
伊莫科商保-210元.服务起始月,P5347.PAYMENT_START_MONTH,1
伊莫科商保-210元.金额,P5347.SUM,1
达信财富无医保商保-180元/月.账单结束月,P5349.BILL_END_MONTH,1
达信财富无医保商保-180元/月.账单起始月,P5349.BILL_START_MONTH,1
达信财富无医保商保-180元/月.账套编号,P5349.BILL_TEMPLATE_CODE,1
达信财富无医保商保-180元/月.账套名称,P5349.BILL_TEMPLATE_NAME,1
达信财富无医保商保-180元/月.服务结束月,P5349.PAYMENT_END_MONTH,1
达信财富无医保商保-180元/月.服务起始月,P5349.PAYMENT_START_MONTH,1
达信财富无医保商保-180元/月.金额,P5349.SUM,1
合同代签.账单结束月,P5353.BILL_END_MONTH,1
合同代签.账单起始月,P5353.BILL_START_MONTH,1
合同代签.账套编号,P5353.BILL_TEMPLATE_CODE,1
合同代签.账套名称,P5353.BILL_TEMPLATE_NAME,1
合同代签.服务结束月,P5353.PAYMENT_END_MONTH,1
合同代签.服务起始月,P5353.PAYMENT_START_MONTH,1
合同代签.金额,P5353.SUM,1
商保.账单结束月,P5355.BILL_END_MONTH,1
商保.账单起始月,P5355.BILL_START_MONTH,1
商保.账套编号,P5355.BILL_TEMPLATE_CODE,1
商保.账套名称,P5355.BILL_TEMPLATE_NAME,1
商保.服务结束月,P5355.PAYMENT_END_MONTH,1
商保.服务起始月,P5355.PAYMENT_START_MONTH,1
商保.金额,P5355.SUM,1
欧西爱司2015体检费―330元.账单结束月,P5380.BILL_END_MONTH,1
欧西爱司2015体检费―330元.账单起始月,P5380.BILL_START_MONTH,1
欧西爱司2015体检费―330元.账套编号,P5380.BILL_TEMPLATE_CODE,1
欧西爱司2015体检费―330元.账套名称,P5380.BILL_TEMPLATE_NAME,1
欧西爱司2015体检费―330元.服务结束月,P5380.PAYMENT_END_MONTH,1
欧西爱司2015体检费―330元.服务起始月,P5380.PAYMENT_START_MONTH,1
欧西爱司2015体检费―330元.金额,P5380.SUM,1
欧西爱司2015体检费―300元.账单结束月,P5381.BILL_END_MONTH,1
欧西爱司2015体检费―300元.账单起始月,P5381.BILL_START_MONTH,1
欧西爱司2015体检费―300元.账套编号,P5381.BILL_TEMPLATE_CODE,1
欧西爱司2015体检费―300元.账套名称,P5381.BILL_TEMPLATE_NAME,1
欧西爱司2015体检费―300元.服务结束月,P5381.PAYMENT_END_MONTH,1
欧西爱司2015体检费―300元.服务起始月,P5381.PAYMENT_START_MONTH,1
欧西爱司2015体检费―300元.金额,P5381.SUM,1
广源商保1-592元.账单结束月,P5384.BILL_END_MONTH,1
广源商保1-592元.账单起始月,P5384.BILL_START_MONTH,1
广源商保1-592元.账套编号,P5384.BILL_TEMPLATE_CODE,1
广源商保1-592元.账套名称,P5384.BILL_TEMPLATE_NAME,1
广源商保1-592元.服务结束月,P5384.PAYMENT_END_MONTH,1
广源商保1-592元.服务起始月,P5384.PAYMENT_START_MONTH,1
广源商保1-592元.金额,P5384.SUM,1
测试.账单结束月,P5385.BILL_END_MONTH,1
测试.账单起始月,P5385.BILL_START_MONTH,1
测试.账套编号,P5385.BILL_TEMPLATE_CODE,1
测试.账套名称,P5385.BILL_TEMPLATE_NAME,1
测试.服务结束月,P5385.PAYMENT_END_MONTH,1
测试.服务起始月,P5385.PAYMENT_START_MONTH,1
测试.金额,P5385.SUM,1
产品组测试.账单结束月,P5386.BILL_END_MONTH,1
产品组测试.账单起始月,P5386.BILL_START_MONTH,1
产品组测试.账套编号,P5386.BILL_TEMPLATE_CODE,1
产品组测试.账套名称,P5386.BILL_TEMPLATE_NAME,1
产品组测试.服务结束月,P5386.PAYMENT_END_MONTH,1
产品组测试.服务起始月,P5386.PAYMENT_START_MONTH,1
产品组测试.金额,P5386.SUM,1
淳善商保680元.账单结束月,P5442.BILL_END_MONTH,1
淳善商保680元.账单起始月,P5442.BILL_START_MONTH,1
淳善商保680元.账套编号,P5442.BILL_TEMPLATE_CODE,1
淳善商保680元.账套名称,P5442.BILL_TEMPLATE_NAME,1
淳善商保680元.服务结束月,P5442.PAYMENT_END_MONTH,1
淳善商保680元.服务起始月,P5442.PAYMENT_START_MONTH,1
淳善商保680元.金额,P5442.SUM,1
欠薪保障金.账单结束月,P5446.BILL_END_MONTH,1
欠薪保障金.账单起始月,P5446.BILL_START_MONTH,1
欠薪保障金.账套编号,P5446.BILL_TEMPLATE_CODE,1
欠薪保障金.账套名称,P5446.BILL_TEMPLATE_NAME,1
欠薪保障金.服务结束月,P5446.PAYMENT_END_MONTH,1
欠薪保障金.服务起始月,P5446.PAYMENT_START_MONTH,1
欠薪保障金.金额,P5446.SUM,1
一次性残障金.账单结束月,P5451.BILL_END_MONTH,1
一次性残障金.账单起始月,P5451.BILL_START_MONTH,1
一次性残障金.账套编号,P5451.BILL_TEMPLATE_CODE,1
一次性残障金.账套名称,P5451.BILL_TEMPLATE_NAME,1
一次性残障金.服务结束月,P5451.PAYMENT_END_MONTH,1
一次性残障金.服务起始月,P5451.PAYMENT_START_MONTH,1
一次性残障金.金额,P5451.SUM,1
广州昊基商保.账单结束月,P5506.BILL_END_MONTH,1
广州昊基商保.账单起始月,P5506.BILL_START_MONTH,1
广州昊基商保.账套编号,P5506.BILL_TEMPLATE_CODE,1
广州昊基商保.账套名称,P5506.BILL_TEMPLATE_NAME,1
广州昊基商保.服务结束月,P5506.PAYMENT_END_MONTH,1
广州昊基商保.服务起始月,P5506.PAYMENT_START_MONTH,1
广州昊基商保.金额,P5506.SUM,1
广源商保-370元.账单结束月,P5507.BILL_END_MONTH,1
广源商保-370元.账单起始月,P5507.BILL_START_MONTH,1
广源商保-370元.账套编号,P5507.BILL_TEMPLATE_CODE,1
广源商保-370元.账套名称,P5507.BILL_TEMPLATE_NAME,1
广源商保-370元.服务结束月,P5507.PAYMENT_END_MONTH,1
广源商保-370元.服务起始月,P5507.PAYMENT_START_MONTH,1
广源商保-370元.金额,P5507.SUM,1
奥泉员工商保-1350元.账单结束月,P5554.BILL_END_MONTH,1
奥泉员工商保-1350元.账单起始月,P5554.BILL_START_MONTH,1
奥泉员工商保-1350元.账套编号,P5554.BILL_TEMPLATE_CODE,1
奥泉员工商保-1350元.账套名称,P5554.BILL_TEMPLATE_NAME,1
奥泉员工商保-1350元.服务结束月,P5554.PAYMENT_END_MONTH,1
奥泉员工商保-1350元.服务起始月,P5554.PAYMENT_START_MONTH,1
奥泉员工商保-1350元.金额,P5554.SUM,1
奥泉子女商保-450元.账单结束月,P5555.BILL_END_MONTH,1
奥泉子女商保-450元.账单起始月,P5555.BILL_START_MONTH,1
奥泉子女商保-450元.账套编号,P5555.BILL_TEMPLATE_CODE,1
奥泉子女商保-450元.账套名称,P5555.BILL_TEMPLATE_NAME,1
奥泉子女商保-450元.服务结束月,P5555.PAYMENT_END_MONTH,1
奥泉子女商保-450元.服务起始月,P5555.PAYMENT_START_MONTH,1
奥泉子女商保-450元.金额,P5555.SUM,1
测试删除.账单结束月,P5557.BILL_END_MONTH,1
测试删除.账单起始月,P5557.BILL_START_MONTH,1
测试删除.账套编号,P5557.BILL_TEMPLATE_CODE,1
测试删除.账套名称,P5557.BILL_TEMPLATE_NAME,1
测试删除.服务结束月,P5557.PAYMENT_END_MONTH,1
测试删除.服务起始月,P5557.PAYMENT_START_MONTH,1
测试删除.金额,P5557.SUM,1
蜜珂、嫣蝶关爱体检通.账单结束月,P5590.BILL_END_MONTH,1
蜜珂、嫣蝶关爱体检通.账单起始月,P5590.BILL_START_MONTH,1
蜜珂、嫣蝶关爱体检通.账套编号,P5590.BILL_TEMPLATE_CODE,1
蜜珂、嫣蝶关爱体检通.账套名称,P5590.BILL_TEMPLATE_NAME,1
蜜珂、嫣蝶关爱体检通.服务结束月,P5590.PAYMENT_END_MONTH,1
蜜珂、嫣蝶关爱体检通.服务起始月,P5590.PAYMENT_START_MONTH,1
蜜珂、嫣蝶关爱体检通.金额,P5590.SUM,1
璞毅网络商保.账单结束月,P5591.BILL_END_MONTH,1
璞毅网络商保.账单起始月,P5591.BILL_START_MONTH,1
璞毅网络商保.账套编号,P5591.BILL_TEMPLATE_CODE,1
璞毅网络商保.账套名称,P5591.BILL_TEMPLATE_NAME,1
璞毅网络商保.服务结束月,P5591.PAYMENT_END_MONTH,1
璞毅网络商保.服务起始月,P5591.PAYMENT_START_MONTH,1
璞毅网络商保.金额,P5591.SUM,1
汉略环境商保.账单结束月,P5594.BILL_END_MONTH,1
汉略环境商保.账单起始月,P5594.BILL_START_MONTH,1
汉略环境商保.账套编号,P5594.BILL_TEMPLATE_CODE,1
汉略环境商保.账套名称,P5594.BILL_TEMPLATE_NAME,1
汉略环境商保.服务结束月,P5594.PAYMENT_END_MONTH,1
汉略环境商保.服务起始月,P5594.PAYMENT_START_MONTH,1
汉略环境商保.金额,P5594.SUM,1
熠美共颐、熠美股权员工商保.账单结束月,P5604.BILL_END_MONTH,1
熠美共颐、熠美股权员工商保.账单起始月,P5604.BILL_START_MONTH,1
熠美共颐、熠美股权员工商保.账套编号,P5604.BILL_TEMPLATE_CODE,1
熠美共颐、熠美股权员工商保.账套名称,P5604.BILL_TEMPLATE_NAME,1
熠美共颐、熠美股权员工商保.服务结束月,P5604.PAYMENT_END_MONTH,1
熠美共颐、熠美股权员工商保.服务起始月,P5604.PAYMENT_START_MONTH,1
熠美共颐、熠美股权员工商保.金额,P5604.SUM,1
熠美共颐、熠美股权子女商保.账单结束月,P5605.BILL_END_MONTH,1
熠美共颐、熠美股权子女商保.账单起始月,P5605.BILL_START_MONTH,1
熠美共颐、熠美股权子女商保.账套编号,P5605.BILL_TEMPLATE_CODE,1
熠美共颐、熠美股权子女商保.账套名称,P5605.BILL_TEMPLATE_NAME,1
熠美共颐、熠美股权子女商保.服务结束月,P5605.PAYMENT_END_MONTH,1
熠美共颐、熠美股权子女商保.服务起始月,P5605.PAYMENT_START_MONTH,1
熠美共颐、熠美股权子女商保.金额,P5605.SUM,1
商保供应商付款.账单结束月,P6069.BILL_END_MONTH,1
商保供应商付款.账单起始月,P6069.BILL_START_MONTH,1
商保供应商付款.账套编号,P6069.BILL_TEMPLATE_CODE,1
商保供应商付款.账套名称,P6069.BILL_TEMPLATE_NAME,1
商保供应商付款.服务结束月,P6069.PAYMENT_END_MONTH,1
商保供应商付款.服务起始月,P6069.PAYMENT_START_MONTH,1
商保供应商付款.金额,P6069.SUM,1
天玑2017子女退费.账单结束月,P6190.BILL_END_MONTH,1
天玑2017子女退费.账单起始月,P6190.BILL_START_MONTH,1
天玑2017子女退费.账套编号,P6190.BILL_TEMPLATE_CODE,1
天玑2017子女退费.账套名称,P6190.BILL_TEMPLATE_NAME,1
天玑2017子女退费.服务结束月,P6190.PAYMENT_END_MONTH,1
天玑2017子女退费.服务起始月,P6190.PAYMENT_START_MONTH,1
天玑2017子女退费.金额,P6190.SUM,1
蒙牛BPO费用.账单结束月,P6352.BILL_END_MONTH,1
蒙牛BPO费用.账单起始月,P6352.BILL_START_MONTH,1
蒙牛BPO费用.账套编号,P6352.BILL_TEMPLATE_CODE,1
蒙牛BPO费用.账套名称,P6352.BILL_TEMPLATE_NAME,1
蒙牛BPO费用.服务结束月,P6352.PAYMENT_END_MONTH,1
蒙牛BPO费用.服务起始月,P6352.PAYMENT_START_MONTH,1
蒙牛BPO费用.金额,P6352.SUM,1
生育津贴.账单结束月,P6360.BILL_END_MONTH,1
生育津贴.账单起始月,P6360.BILL_START_MONTH,1
生育津贴.账套编号,P6360.BILL_TEMPLATE_CODE,1
生育津贴.账套名称,P6360.BILL_TEMPLATE_NAME,1
生育津贴.服务结束月,P6360.PAYMENT_END_MONTH,1
生育津贴.服务起始月,P6360.PAYMENT_START_MONTH,1
生育津贴.金额,P6360.SUM,1
 商保 - 天玑.账单结束月,P6485.BILL_END_MONTH,1
 商保 - 天玑.账单起始月,P6485.BILL_START_MONTH,1
 商保 - 天玑.账套编号,P6485.BILL_TEMPLATE_CODE,1
 商保 - 天玑.账套名称,P6485.BILL_TEMPLATE_NAME,1
 商保 - 天玑.服务结束月,P6485.PAYMENT_END_MONTH,1
 商保 - 天玑.服务起始月,P6485.PAYMENT_START_MONTH,1
 商保 - 天玑.金额,P6485.SUM,1
画龙工资.账单结束月,P7103.BILL_END_MONTH,1
画龙工资.账单起始月,P7103.BILL_START_MONTH,1
画龙工资.账套编号,P7103.BILL_TEMPLATE_CODE,1
画龙工资.账套名称,P7103.BILL_TEMPLATE_NAME,1
画龙工资.服务结束月,P7103.PAYMENT_END_MONTH,1
画龙工资.服务起始月,P7103.PAYMENT_START_MONTH,1
画龙工资.金额,P7103.SUM,1
姓名,EMP.EMPLOYEE_NAME,0.8
身份证号,EMP.CARD_ID,0.8
工作单位,WORKCOP,0.8
基本养老保险.基数,P200.BASEE,0.8
基本养老保险.个人8%,P245.BASEP,0.8
基本养老保险.小计,P200.BASEE,0.8
工伤保险.基数,P203.BASEE,0.8
工伤保险.小计,P203.SUM,0.8
失业保险.基数,P202.BASEE,0.8
失业保险.单位1.5%,P202.SUMP,0.8
失业保险.个人0.5%,P202.SUMP,0.8
失业保险.小计,P202.SUM,0.8
基本医疗保险.单位基数,P246.BASEP,0.8
基本医疗保险.个人基数,P246.BASEP,0.8
基本医疗保险.2%金额,P201.SUME,0.8
基本医疗保险.小计,P201.BASEP,0.8
生育保险.单位基数,P204.BASEP,0.8
生育保险.单位1%,P204.SUMP,0.8
生育保险.小计,P204.SUM,0.8
住房公积金.基数,P240.BASEE,0.8
住房公积金.单位金额,P240.SUMP,0.8
住房公积金.小计,P240.SUM,0.8
服务费,QUO.PROD_SERVICE,0.8
个人合计,P203.SUMP,0.8
